FullName,Email,Address,Zip,CreditCard,Balance
Altha Frederick,unhideable1966@gmail.com,67 John Maher Extension,31353,2524 2317 2139 4751,21511
Nickolas Harvey,allgood1803@outlook.com,1200 Madera Plaza,01922,4756 0997 9568 1329,13850
Jesusita Kinney,satsumas1954@yahoo.com,943 Gibb Highway,41535,3717 863466 48574,21254
Mose Gordon,antifowl1875@gmail.com,1073 Fell Trace,16098,5413 1700 6989 2835,5221
Cesar Valentine,acetaminol1979@yahoo.com,805 Marshall Promenade,99895,5173 4883 9215 4743,8300
Erich Wooten,commanding1927@gmail.com,239 Mckinley Line,13494,2409 0669 5036 3311,6863
Elias Ayers,breeds1855@gmail.com,1109 Teresita Point,41281,3469 558618 10693,17492
Boris Macdonald,pronounal1891@yahoo.com,641 Lexington Run,92696,3723 385818 86151,24022
Emilio Bird,blacklegging1855@yahoo.com,222 Moulton Brae,70027,2290 4873 9990 0632,23237
Vincenza Patel,octachord1995@yahoo.com,1245 Whiting Parkway,30788,3736 301018 61659,7716
Norberto Pollard,clarified1907@gmail.com,1362 Fulton Trace,73193,4194 4559 1314 2000,7392
Kristeen Hutchinson,pachytene1885@live.com,347 Deming Thruway,97440,4699 9501 3316 8645,2807
Jestine Mcdowell,barb2038@yandex.com,1102 Lagunitas Run,69054,5176 9940 4840 8539,8857
Emerson Hatfield,double2010@yandex.com,446 Bartol Bay,73992,3497 877229 27268,15761
Marcos Gilmore,occidentalism1859@yahoo.com,1329 Argonaut Esplanade,24929,4244 6172 4853 1393,5057
Malik Velez,siamese1936@outlook.com,925 Eastwood Stravenue,09986,3703 456661 72094,21045
Estell Mcknight,nonswimming1985@yahoo.com,814 Tompkins Plaza,20396,4891 5856 8926 8179,7078
Lilla Navarro,dockyards2058@yahoo.com,570 Peek Trace,15667,5208 9153 9009 0544,12993
Kallie Mcfarland,paucity1995@yahoo.com,585 Dock Field,76244,4819 6292 6429 1302,15658
Isiah Alexander,pouncing1910@live.com,571 Roscoe Gate,52510,3497 195524 75118,15901
Ronny Bowen,heft1945@live.com,1156 Fenton Close,17749,3408 704958 51110,13265
Chauncey Robles,charmian1906@yandex.com,1060 Candlestick Cove Path,26597,5476 2170 9722 0523,12801
Travis Dalton,curate1853@gmail.com,1072 Franklin Gate,63820,3750 913352 55002,18096
Lane Holden,concentrate1983@live.com,197 Alana Plantation,25141,4482 7479 4361 7998,20469
Flavia Robertson,exceptionalness2044@live.com,264 Head Crescent,64162,4752 2321 7533 0753,19976
Roy Leblanc,bijou1921@live.com,124 Lake Merced Hill Drive,01027,3788 345883 52472,12517
Phebe Miranda,euda1886@yahoo.com,1019 Langdon Boulevard,37828,4267 4742 5832 2608,15826
Annis Cummings,batteries2003@outlook.com,624 Dorado Loop,83529,5265 1780 9504 7042,20013
Jamaal Bradley,shivarees1849@live.com,873 Hiliritas Concession road,02412,3725 893950 26000,12304
Patrick Bishop,cappadine1872@outlook.com,1353 Wilson Grove,62899,3797 755867 73491,24207
Saul Keller,whigling1917@gmail.com,785 Quincy Row,56051,3470 103707 91841,15398
Salley Mathews,goatroot2003@gmail.com,1301 Custer Parade,39948,2432 0243 2680 6910,24385
Oretha Woodward,clinic2014@gmail.com,1353 Rhode Island Wynd,54972,4207 4882 4582 7399,23550
Michel Sullivan,kilhig2046@gmail.com,347 Bennington Place,44231,3799 936023 82631,24667
Madelaine Sampson,palookas1921@yandex.com,1136 Marsily High Street,10224,3706 805012 22179,4203
Rebecka Haynes,adolph1964@outlook.com,7 Dorland Alley,96736,5589 7389 1638 8492,22175
Norris Barnes,scaldy1882@yandex.com,837 Nottingham Point,37207,3712 601237 51134,4263
Jeffie Phelps,conceit2002@yahoo.com,1198 Dodge Green,45878,5528 1065 2821 5582,5555
Dante Tanner,caribous1858@yahoo.com,809 West Broadway Manor,26132,3765 989663 04205,7888
Bill Keith,astronautic1981@yandex.com,336 Morrell Trace,52596,5406 4397 4016 4883,6487
Vincenzo Mullen,baited1863@yandex.com,983 Eaton Hill,77825,5306 6276 1905 9850,23337
Tandy Osborne,tonights1933@outlook.com,282 Seneca Line,90037,3738 310947 09299,2073
Robin Rogers,abatis1811@outlook.com,762 Commer Road,22780,3776 017798 49942,24655
Murray Elliott,ambarella2022@live.com,1284 Newell Private,20476,3483 681346 21939,1788
Rodrigo Battle,sexualized1831@yandex.com,769 Hearst Promenade,20991,4698 7041 3335 6887,16596
Herma Huff,ravish1900@yandex.com,1396 Valletta Bay,32341,4056 1065 1884 7181,14717
Hang Koch,deifier2004@yandex.com,517 Yacht Viaduct,05851,3757 189454 54720,8907
Alfredo Sanford,chipmunk1832@yahoo.com,854 Congo Side road,84674,3781 476551 38496,21766
Weldon Hancock,adamant1834@yandex.com,784 Zeno Manor,35485,2569 2780 9427 4652,17677
Fausto Stevens,trination2068@outlook.com,264 Potrero Road,40608,2235 7514 6909 5559,10963
Jacquie Cervantes,breakwater1868@gmail.com,156 Codman Sideline,31950,3490 743359 92827,24586
Octavio Pugh,wormer1827@outlook.com,1398 Fell Access Mall,41105,2518 6415 2514 0465,5250
Kattie Buckley,morpho1953@gmail.com,218 Piedmont Street,68323,4822 5070 1679 0562,15940
Waltraud Preston,consultive1939@yandex.com,1167 Lettuce Route,87940,4901 4746 3862 3065,1970
Marinda Dudley,chromomere2058@live.com,1068 Carpenter Nene,92090,4843 0497 9153 2492,15732
Lowell Valentine,preexposes2063@outlook.com,368 Lincoln Ferry,66171,3473 651183 12809,3358
Chi Wiley,collard2020@live.com,41 Buckingham Circle,68169,3492 615753 54897,21862
Wiley Weeks,recharger1846@yandex.com,39 Campus Heights,44112,5325 1382 1210 9305,21183
Epifania Mcintyre,keynoted2014@live.com,833 Pollard Boulevard,10709,4732 6674 5613 9214,11884
Ehtel Noel,cashana2017@yahoo.com,834 Earl Heights,36720,4075 9372 6648 0115,7401
Ladawn Sanchez,ateles2009@gmail.com,1041 Bella Vista Promenade,09706,4799 3290 7476 1180,14200
Serafina Zamora,cigua2027@live.com,1252 Hermann Cove,93078,2471 7890 2311 4634,9880
Elinore Stephenson,cheetah2018@yandex.com,789 Letterman Bypass,39070,5342 5966 8189 8782,9140
Thurman Orr,obsoletes1921@yahoo.com,1178 Vandewater Path,28522,4755 7040 2262 6929,4768
Darwin Walker,locoed2069@outlook.com,931 Emery Park,85951,4748 5414 3019 7949,8381
Zachary Morse,chrystal1837@yandex.com,776 Clarendon Circle,79227,5580 1617 3187 0066,21244
Hee Hensley,nebaliidae1876@outlook.com,309 Dodge Boulevard,47701,3795 057528 18444,18034
Phebe Hutchinson,disquantity1802@live.com,1035 Pinehurst Glen,01331,4468 3700 9419 9530,11665
Sharda Chapman,anthracnose1841@outlook.com,543 Zanowitz Promenade,17879,5226 5970 8955 6494,5791
Grant Herring,seaside1883@live.com,503 Bergen High Street,76369,3419 048089 32884,9210
Darrin Bartlett,mayfly1903@yandex.com,296 Ruth Pike,86306,3407 365350 63646,7955
Bret Butler,beylic1844@outlook.com,182 Randolph Plantation,67960,4310 3140 6783 0069,18829
Ja Craft,finch2041@outlook.com,574 Roach Alley,70810,4850 0893 0677 8610,9839
Bryant Mcknight,annoyed2054@live.com,15 Felton Row,26854,3475 838319 26438,23892
Gwenda Haley,apolline1844@outlook.com,1129 Palo Alto Place,80135,4479 7058 3301 7948,21763
Rosendo Mercado,ashton1830@gmail.com,930 Ironwood Path,19211,2428 3964 8941 1787,18389
Derrick Delacruz,dovelet1813@live.com,537 Harding Avenue,87814,3745 952844 94538,16394
Daryl Wong,rivals1832@gmail.com,638 Augusta Crescent,95436,3773 439333 72137,12640
Kent Wade,porpoise1827@live.com,580 Serrano Manor,00447,3775 015326 21937,11674
Ciera Sellers,nonanarchic2041@gmail.com,725 Barneveld Manor,46005,3405 060086 70254,24326
Terrell Ramsey,consciousness1931@outlook.com,1133 Costa Alley,43825,5408 2428 3615 4406,21289
Olinda Stokes,byproducts1960@yahoo.com,1217 Hutchins Ferry,76135,4727 0327 8246 9701,9190
Odis Blackwell,amines1975@gmail.com,380 York Avenue,16354,3412 163043 95494,16006
Fernanda Mccarty,cousins1924@gmail.com,617 Commercial Extension,72082,3762 346268 76917,3377
Johnny Foster,poephaga1853@live.com,59 Dukes Promenade,62635,5262 6825 3034 2333,13825
Herschel Mcgee,eller1996@gmail.com,86 Miller Side road,20605,3445 781140 96050,1131
Renay Hart,peddles2025@live.com,791 Troy Townline,42969,2613 0358 1800 8493,18895
Elsy Dudley,posadaship2026@live.com,295 Grafton Green,87181,4110 3221 7388 8865,3278
Allen Newman,exciton1867@live.com,704 Bigelow Stravenue,09252,4296 2923 7047 3702,15768
Katlyn Sparks,detur2023@yahoo.com,1259 Dellbrook Expressway,22658,5548 0512 5986 4743,18561
Chang Brewer,untightened1949@gmail.com,553 Bennington Promenade,54615,3461 529538 56582,20836
Daren Haley,concrete1909@outlook.com,1201 Mint Wynd,62859,3706 624226 90486,19002
Delmer Beck,demandative1829@yahoo.com,1168 Southard Brae,67885,2442 6485 8353 1676,24540
Tobias Pearson,arlin2068@gmail.com,1301 Melba Promenade,26050,3478 459127 82794,18707
Ayesha Weiss,malarkeys1970@yahoo.com,267 White Trace,04542,5582 5048 5381 8264,17977
Crystle Larson,plantula1818@live.com,1317 Cesar Chavez On Brae,74413,3474 949615 85541,5091
Jetta Davenport,doolittle1818@yandex.com,618 Williams Terrace,73152,4711 5533 4972 2249,16509
Dallas Johnston,mosso1961@live.com,324 Tenny Line,88215,3794 280688 77410,24196
Roberto Daugherty,ovenful1914@yandex.com,1058 Marengo Manor,33903,4972 5355 6633 9108,18828
Abel Walters,esson1909@yandex.com,89 Rivera Bypass,39186,3727 728484 48704,3400
