,credit_card_number,Account Balance,Email,Address,Zip Code,Balance (1k),first_name,last_name
0,2524 2317 2139 4751,21511,unhideable1966@gmail.com,67 John Maher Extension,31353,21.511,Altha,Frederick
1,4756 0997 9568 1329,13850,allgood1803@outlook.com,1200 Madera Plaza,1922,13.85,Nickolas,Harvey
2,3717 863466 48574,21254,satsumas1954@yahoo.com,943 Gibb Highway,41535,21.254,Jesusita,Kinney
3,5413 1700 6989 2835,5221,antifowl1875@gmail.com,1073 Fell Trace,16098,5.221,Mose,Gordon
4,5173 4883 9215 4743,8300,acetaminol1979@yahoo.com,805 Marshall Promenade,99895,8.3,Cesar,Valentine
5,2409 0669 5036 3311,6863,commanding1927@gmail.com,239 Mckinley Line,13494,6.863,Erich,Wooten
6,3469 558618 10693,17492,breeds1855@gmail.com,1109 Teresita Point,41281,17.492,Elias,Ayers
7,3723 385818 86151,24022,pronounal1891@yahoo.com,641 Lexington Run,92696,24.022,Boris,Macdonald
8,2290 4873 9990 0632,23237,blacklegging1855@yahoo.com,222 Moulton Brae,70027,23.237,Emilio,Bird
9,3736 301018 61659,7716,octachord1995@yahoo.com,1245 Whiting Parkway,30788,7.716,Vincenza,Patel
10,4194 4559 1314 2000,7392,clarified1907@gmail.com,1362 Fulton Trace,73193,7.392,Norberto,Pollard
11,4699 9501 3316 8645,2807,pachytene1885@live.com,347 Deming Thruway,97440,2.807,Kristeen,Hutchinson
12,5176 9940 4840 8539,8857,barb2038@yandex.com,1102 Lagunitas Run,69054,8.857,Jestine,Mcdowell
13,3497 877229 27268,15761,double2010@yandex.com,446 Bartol Bay,73992,15.761,Emerson,Hatfield
14,4244 6172 4853 1393,5057,occidentalism1859@yahoo.com,1329 Argonaut Esplanade,24929,5.057,Marcos,Gilmore
15,3703 456661 72094,21045,siamese1936@outlook.com,925 Eastwood Stravenue,9986,21.045,Malik,Velez
16,4891 5856 8926 8179,7078,nonswimming1985@yahoo.com,814 Tompkins Plaza,20396,7.078,Estell,Mcknight
17,5208 9153 9009 0544,12993,dockyards2058@yahoo.com,570 Peek Trace,15667,12.993,Lilla,Navarro
18,4819 6292 6429 1302,15658,paucity1995@yahoo.com,585 Dock Field,76244,15.658,Kallie,Mcfarland
19,3497 195524 75118,15901,pouncing1910@live.com,571 Roscoe Gate,52510,15.901,Isiah,Alexander
20,3408 704958 51110,13265,heft1945@live.com,1156 Fenton Close,17749,13.265,Ronny,Bowen
21,5476 2170 9722 0523,12801,charmian1906@yandex.com,1060 Candlestick Cove Path,26597,12.801,Chauncey,Robles
22,3750 913352 55002,18096,curate1853@gmail.com,1072 Franklin Gate,63820,18.096,Travis,Dalton
23,4482 7479 4361 7998,20469,concentrate1983@live.com,197 Alana Plantation,25141,20.469,Lane,Holden
24,4752 2321 7533 0753,19976,exceptionalness2044@live.com,264 Head Crescent,64162,19.976,Flavia,Robertson
25,3788 345883 52472,12517,bijou1921@live.com,124 Lake Merced Hill Drive,1027,12.517,Roy,Leblanc
26,4267 4742 5832 2608,15826,euda1886@yahoo.com,1019 Langdon Boulevard,37828,15.826,Phebe,Miranda
27,5265 1780 9504 7042,20013,batteries2003@outlook.com,624 Dorado Loop,83529,20.013,Annis,Cummings
28,3725 893950 26000,12304,shivarees1849@live.com,873 Hiliritas Concession road,2412,12.304,Jamaal,Bradley
29,3797 755867 73491,24207,cappadine1872@outlook.com,1353 Wilson Grove,62899,24.207,Patrick,Bishop
30,3470 103707 91841,15398,whigling1917@gmail.com,785 Quincy Row,56051,15.398,Saul,Keller
31,2432 0243 2680 6910,24385,goatroot2003@gmail.com,1301 Custer Parade,39948,24.385,Salley,Mathews
32,4207 4882 4582 7399,23550,clinic2014@gmail.com,1353 Rhode Island Wynd,54972,23.55,Oretha,Woodward
33,3799 936023 82631,24667,kilhig2046@gmail.com,347 Bennington Place,44231,24.667,Michel,Sullivan
34,3706 805012 22179,4203,palookas1921@yandex.com,1136 Marsily High Street,10224,4.203,Madelaine,Sampson
35,5589 7389 1638 8492,22175,adolph1964@outlook.com,7 Dorland Alley,96736,22.175,Rebecka,Haynes
36,3712 601237 51134,4263,scaldy1882@yandex.com,837 Nottingham Point,37207,4.263,Norris,Barnes
37,5528 1065 2821 5582,5555,conceit2002@yahoo.com,1198 Dodge Green,45878,5.555,Jeffie,Phelps
38,3765 989663 04205,7888,caribous1858@yahoo.com,809 West Broadway Manor,26132,7.888,Dante,Tanner
39,5406 4397 4016 4883,6487,astronautic1981@yandex.com,336 Morrell Trace,52596,6.487,Bill,Keith
40,5306 6276 1905 9850,23337,baited1863@yandex.com,983 Eaton Hill,77825,23.337,Vincenzo,Mullen
41,3738 310947 09299,2073,tonights1933@outlook.com,282 Seneca Line,90037,2.073,Tandy,Osborne
42,3776 017798 49942,24655,abatis1811@outlook.com,762 Commer Road,22780,24.655,Robin,Rogers
43,3483 681346 21939,1788,ambarella2022@live.com,1284 Newell Private,20476,1.788,Murray,Elliott
44,4698 7041 3335 6887,16596,sexualized1831@yandex.com,769 Hearst Promenade,20991,16.596,Rodrigo,Battle
45,4056 1065 1884 7181,14717,ravish1900@yandex.com,1396 Valletta Bay,32341,14.717,Herma,Huff
46,3757 189454 54720,8907,deifier2004@yandex.com,517 Yacht Viaduct,5851,8.907,Hang,Koch
47,3781 476551 38496,21766,chipmunk1832@yahoo.com,854 Congo Side road,84674,21.766,Alfredo,Sanford
48,2569 2780 9427 4652,17677,adamant1834@yandex.com,784 Zeno Manor,35485,17.677,Weldon,Hancock
49,2235 7514 6909 5559,10963,trination2068@outlook.com,264 Potrero Road,40608,10.963,Fausto,Stevens
50,3490 743359 92827,24586,breakwater1868@gmail.com,156 Codman Sideline,31950,24.586,Jacquie,Cervantes
51,2518 6415 2514 0465,5250,wormer1827@outlook.com,1398 Fell Access Mall,41105,5.25,Octavio,Pugh
52,4822 5070 1679 0562,15940,morpho1953@gmail.com,218 Piedmont Street,68323,15.94,Kattie,Buckley
53,4901 4746 3862 3065,1970,consultive1939@yandex.com,1167 Lettuce Route,87940,1.97,Waltraud,Preston
54,4843 0497 9153 2492,15732,chromomere2058@live.com,1068 Carpenter Nene,92090,15.732,Marinda,Dudley
55,3473 651183 12809,3358,preexposes2063@outlook.com,368 Lincoln Ferry,66171,3.358,Lowell,Valentine
56,3492 615753 54897,21862,collard2020@live.com,41 Buckingham Circle,68169,21.862,Chi,Wiley
57,5325 1382 1210 9305,21183,recharger1846@yandex.com,39 Campus Heights,44112,21.183,Wiley,Weeks
58,4732 6674 5613 9214,11884,keynoted2014@live.com,833 Pollard Boulevard,10709,11.884,Epifania,Mcintyre
59,4075 9372 6648 0115,7401,cashana2017@yahoo.com,834 Earl Heights,36720,7.401,Ehtel,Noel
60,4799 3290 7476 1180,14200,ateles2009@gmail.com,1041 Bella Vista Promenade,9706,14.2,Ladawn,Sanchez
61,2471 7890 2311 4634,9880,cigua2027@live.com,1252 Hermann Cove,93078,9.88,Serafina,Zamora
62,5342 5966 8189 8782,9140,cheetah2018@yandex.com,789 Letterman Bypass,39070,9.14,Elinore,Stephenson
63,4755 7040 2262 6929,4768,obsoletes1921@yahoo.com,1178 Vandewater Path,28522,4.768,Thurman,Orr
64,4748 5414 3019 7949,8381,locoed2069@outlook.com,931 Emery Park,85951,8.381,Darwin,Walker
65,5580 1617 3187 0066,21244,chrystal1837@yandex.com,776 Clarendon Circle,79227,21.244,Zachary,Morse
66,3795 057528 18444,18034,nebaliidae1876@outlook.com,309 Dodge Boulevard,47701,18.034,Hee,Hensley
67,4468 3700 9419 9530,11665,disquantity1802@live.com,1035 Pinehurst Glen,1331,11.665,Phebe,Hutchinson
68,5226 5970 8955 6494,5791,anthracnose1841@outlook.com,543 Zanowitz Promenade,17879,5.791,Sharda,Chapman
69,3419 048089 32884,9210,seaside1883@live.com,503 Bergen High Street,76369,9.21,Grant,Herring
70,3407 365350 63646,7955,mayfly1903@yandex.com,296 Ruth Pike,86306,7.955,Darrin,Bartlett
71,4310 3140 6783 0069,18829,beylic1844@outlook.com,182 Randolph Plantation,67960,18.829,Bret,Butler
72,4850 0893 0677 8610,9839,finch2041@outlook.com,574 Roach Alley,70810,9.839,Ja,Craft
73,3475 838319 26438,23892,annoyed2054@live.com,15 Felton Row,26854,23.892,Bryant,Mcknight
74,4479 7058 3301 7948,21763,apolline1844@outlook.com,1129 Palo Alto Place,80135,21.763,Gwenda,Haley
75,2428 3964 8941 1787,18389,ashton1830@gmail.com,930 Ironwood Path,19211,18.389,Rosendo,Mercado
76,3745 952844 94538,16394,dovelet1813@live.com,537 Harding Avenue,87814,16.394,Derrick,Delacruz
77,3773 439333 72137,12640,rivals1832@gmail.com,638 Augusta Crescent,95436,12.64,Daryl,Wong
78,3775 015326 21937,11674,porpoise1827@live.com,580 Serrano Manor,447,11.674,Kent,Wade
79,3405 060086 70254,24326,nonanarchic2041@gmail.com,725 Barneveld Manor,46005,24.326,Ciera,Sellers
80,5408 2428 3615 4406,21289,consciousness1931@outlook.com,1133 Costa Alley,43825,21.289,Terrell,Ramsey
81,4727 0327 8246 9701,9190,byproducts1960@yahoo.com,1217 Hutchins Ferry,76135,9.19,Olinda,Stokes
82,3412 163043 95494,16006,amines1975@gmail.com,380 York Avenue,16354,16.006,Odis,Blackwell
83,3762 346268 76917,3377,cousins1924@gmail.com,617 Commercial Extension,72082,3.377,Fernanda,Mccarty
84,5262 6825 3034 2333,13825,poephaga1853@live.com,59 Dukes Promenade,62635,13.825,Johnny,Foster
85,3445 781140 96050,1131,eller1996@gmail.com,86 Miller Side road,20605,1.131,Herschel,Mcgee
86,2613 0358 1800 8493,18895,peddles2025@live.com,791 Troy Townline,42969,18.895,Renay,Hart
87,4110 3221 7388 8865,3278,posadaship2026@live.com,295 Grafton Green,87181,3.278,Elsy,Dudley
88,4296 2923 7047 3702,15768,exciton1867@live.com,704 Bigelow Stravenue,9252,15.768,Allen,Newman
89,5548 0512 5986 4743,18561,detur2023@yahoo.com,1259 Dellbrook Expressway,22658,18.561,Katlyn,Sparks
90,3461 529538 56582,20836,untightened1949@gmail.com,553 Bennington Promenade,54615,20.836,Chang,Brewer
91,3706 624226 90486,19002,concrete1909@outlook.com,1201 Mint Wynd,62859,19.002,Daren,Haley
92,2442 6485 8353 1676,24540,demandative1829@yahoo.com,1168 Southard Brae,67885,24.54,Delmer,Beck
93,3478 459127 82794,18707,arlin2068@gmail.com,1301 Melba Promenade,26050,18.707,Tobias,Pearson
94,5582 5048 5381 8264,17977,malarkeys1970@yahoo.com,267 White Trace,4542,17.977,Ayesha,Weiss
95,3474 949615 85541,5091,plantula1818@live.com,1317 Cesar Chavez On Brae,74413,5.091,Crystle,Larson
96,4711 5533 4972 2249,16509,doolittle1818@yandex.com,618 Williams Terrace,73152,16.509,Jetta,Davenport
97,3794 280688 77410,24196,mosso1961@live.com,324 Tenny Line,88215,24.196,Dallas,Johnston
98,4972 5355 6633 9108,18828,ovenful1914@yandex.com,1058 Marengo Manor,33903,18.828,Roberto,Daugherty
99,3727 728484 48704,3400,esson1909@yandex.com,89 Rivera Bypass,39186,3.4,Abel,Walters
