FullName,Email,Zip,SalePrice
Elwanda White,alyre2036@live.com,9236,84.33
Lyndon Elliott,arrowy1873@outlook.com,1330,879.95
Daisey Sellers,toucan2024@outlook.com,7631,907.58
Issac Reeves,asarin1958@gmail.com,81168,545.88
Bradford Kinney,mibound1801@yandex.com,41721,517.49
Fermina Cobb,kingfisher2013@live.com,16625,889.95
Merrill Andrews,beechy2059@live.com,14344,472.81
Claris Pearson,kiwifruit2045@live.com,51609,218.24
Georgiann Black,tattooage1863@outlook.com,3636,928.54
Carlos Hicks,lengthen1993@yandex.com,5378,824.22
Christia Rogers,buttermaker1954@live.com,21365,488.34
Brunilda Estes,robin1980@yahoo.com,80365,525.07
Samual Curry,cephalins1827@outlook.com,67900,30.61
Jere Morrow,nodes1850@gmail.com,10293,529.65
Carita Bender,ourang2000@outlook.com,42467,905.87
Marlen Blackwell,boden1909@outlook.com,82822,847.71
Alica Coleman,winterberry1867@live.com,2012,83.3
Merideth Duran,fletcher1892@yandex.com,65278,508.46
Sherell Chen,ditch2039@live.com,46574,648.33
Kevin William,atmospheric2063@gmail.com,3424,513.16
Jaleesa Thornton,earring1914@yandex.com,77848,218.93
Enola Clarke,coffinmaker2012@gmail.com,74507,762.93
Cody Sherman,araneid1942@yandex.com,92824,617.25
Mckinley Hess,aspiring1981@outlook.com,19015,468.74
Kristopher Powell,inviscid2006@outlook.com,92440,164.54
Clinton Washington,ridottos2044@gmail.com,40806,569.41
Zandra Shaffer,creatine1885@outlook.com,40875,678.03
Yajaira Singleton,spermatogenesis1971@yahoo.com,61738,777.47
Lorean Craft,hachment2022@outlook.com,75745,702.53
Marco Knight,quarts1845@outlook.com,27711,612.4
Ranee Massey,chela1896@live.com,49688,727.95
Gene Pope,byron1885@yahoo.com,76662,305.75
Shemeka Hawkins,behalf2064@live.com,61417,757.37
Dane Wells,blows2029@yahoo.com,62764,789.41
Brendon Jacobs,exorcise1970@live.com,22440,460.84
Deangelo Jennings,splendent2019@yahoo.com,13487,849.44
Lyman Bush,disilane1859@yandex.com,7126,661.22
Loren Gregory,disestablismentarianism1902@gmail.com,994,548.48
Rolf Jensen,espriella2040@yahoo.com,35451,106.76
Mike Kirk,shipwrecky1867@gmail.com,1348,253.65
Meghann Atkins,intact1956@yahoo.com,40236,578.5
Lekisha Castillo,paseos2022@live.com,46875,542.57
Otis Greer,occurse1844@gmail.com,11382,173.34
Nigel Carey,demir1855@yandex.com,81564,432.89
Rozanne Fletcher,orchestric1803@yahoo.com,57928,470.82
Keven Pratt,heft1901@outlook.com,42496,896
Sylvie Hobbs,inviscid1959@live.com,28987,341.69
Willene Kennedy,outfame1800@yahoo.com,54576,101.5
Avery Glenn,manatee1854@gmail.com,30246,320.81
Lilliam Simmons,hadron1984@yandex.com,51278,434.85
Nohemi Hartman,cotte1881@gmail.com,33726,442.97
Rigoberto Cooper,caridean1945@gmail.com,20334,447.71
Sean Watson,grasper1845@live.com,47675,997.77
Louie Mathis,submanic1802@outlook.com,61803,488.97
Jermaine Powers,topos1847@live.com,3712,823.9
Russell Hunt,agnar2063@yandex.com,66041,212.93
Clark Clarke,overdiscount1945@outlook.com,46274,128.46
Herbert Joyner,convair1896@gmail.com,87017,347.5
Johnathon Barrera,cowhand2039@outlook.com,81061,976.84
Oswaldo Quinn,enzym1902@yahoo.com,65766,782.89
Amee Page,turkophil1915@outlook.com,7826,544.67
Pedro Bass,criminologist2032@yahoo.com,11767,92.83
Colby Dennis,swimy1969@yahoo.com,39831,652.71
Justin Wilson,anaesthesis2007@live.com,37881,351.21
Tyisha Mcdowell,anaesthesis2066@outlook.com,83136,512.78
Silvana Hooper,ad1905@live.com,89641,123.81
Cristopher Walter,bandicoot1933@yandex.com,55216,486.29
Erline Bush,rhiptoglossa1846@outlook.com,6538,360.27
Evita Lindsey,wyson1853@outlook.com,80342,417.37
Wilton Sexton,pinnacle1907@gmail.com,7695,94.18
Coy Bonner,idiosyncrasy1839@outlook.com,9725,386.66
Carl Small,unremarkable1946@live.com,24627,672.67
Terisa Duke,zootaxy1922@live.com,81524,682.01
Derek Johns,ecstasy1965@yandex.com,1771,911.24
Gianna Booth,cherokee2005@yandex.com,1797,851.31
Albertine Dixon,wineier1803@outlook.com,36458,821.1
Kevin Chapman,quassiin1864@live.com,46407,819.12
Donya Bates,receipt2000@live.com,85491,572.06
Albert Benson,unfrequentable1917@gmail.com,48985,330.3
Korey Morton,streamiest1911@outlook.com,99801,243.52
Ara Hatfield,motivator1869@live.com,2548,34.65
Michelina Gilliam,thumps2023@outlook.com,4903,726.57
Antone Sullivan,subatom1918@yandex.com,20106,895.54
Branda Hall,edlin1888@gmail.com,11639,758.12
Chere Hahn,galopade1912@yahoo.com,22840,998.76
Aron Knapp,apatornis1982@gmail.com,6276,29.72
Eufemia Hewitt,darkener1919@gmail.com,22263,101.52
Eleonora Vargas,novela1827@gmail.com,83904,696.3
Emiko Blackwell,soapery1912@live.com,28284,588.71
Raphael Mccarty,kinkajou1853@yandex.com,95472,917.28
Dean Schneider,fragmentized1874@live.com,99877,477.51
Lawerence Bowman,chignon2052@yandex.com,38449,856.72
Rickey Vasquez,sarcoplastic2018@gmail.com,1240,222.14
Jerrold Luna,cherish1912@yahoo.com,555,126.06
Jonas Larsen,going1804@yandex.com,7839,323.13
Basil Rios,holloo1814@yahoo.com,8108,937.14
Hipolito Rios,calefacient2049@gmail.com,37077,645.82
Clayton Robertson,coner2015@live.com,57242,128.73
Tony Chandler,sexillion2061@live.com,70135,820
Cuc Mcgowan,dispatched1820@gmail.com,70959,764.69
