FullName,Email,Address,Zip,CreditCard,SalePrice
Elwanda White,alyre2036@live.com,352 Lakeshore Mall,9236,5327 0855 9720 7055,84.33
Lyndon Elliott,arrowy1873@outlook.com,1234 Avery Plaza,1330,3717 498777 19636,879.95
Daisey Sellers,toucan2024@outlook.com,469 Elwood Street,7631,3758 579477 35734,907.58
Issac Reeves,asarin1958@gmail.com,565 Phelps Field,81168,4400 0380 4162 1622,545.88
Bradford Kinney,mibound1801@yandex.com,853 Mission Rock Freeway,41721,3712 263405 60178,517.49
Fermina Cobb,kingfisher2013@live.com,929 Prague Trail,16625,2351 7156 8193 8639,889.95
Merrill Andrews,beechy2059@live.com,41 Clarion Drive,14344,5285 9811 3860 0420,472.81
Claris Pearson,kiwifruit2045@live.com,638 Lundeen Park,51609,2450 4670 0525 3887,218.24
Georgiann Black,tattooage1863@outlook.com,1139 San Lorenzo Green,3636,2569 8340 1272 4481,928.54
Carlos Hicks,lengthen1993@yandex.com,1218 Angelos Parade,5378,3726 709335 85895,824.22
Christia Rogers,buttermaker1954@live.com,1121 Alviso Brae,21365,5518 5861 5275 7755,488.34
Brunilda Estes,robin1980@yahoo.com,613 Modoc Thruway,80365,4368 3888 3342 3293,525.07
Samual Curry,cephalins1827@outlook.com,802 Ash Thruway,67900,5148 7122 8531 1595,30.61
Jere Morrow,nodes1850@gmail.com,172 Smith Mall,10293,2281 0663 0361 5188,529.65
Carita Bender,ourang2000@outlook.com,428 Golden Gate Route,42467,4701 7211 0745 4725,905.87
Marlen Blackwell,boden1909@outlook.com,914 Wilder Drive,82822,4089 1862 0701 4880,847.71
Alica Coleman,winterberry1867@live.com,789 Hoff Point,2012,4216 1427 3609 9948,83.3
Merideth Duran,fletcher1892@yandex.com,1070 Drumm Ferry,65278,3713 418879 28967,508.46
Sherell Chen,ditch2039@live.com,368 Piedmont Lane,46574,4554 8115 1908 8688,648.33
Kevin William,atmospheric2063@gmail.com,950 Byron Heights,3424,3783 023071 85276,513.16
Jaleesa Thornton,earring1914@yandex.com,999 Merrill Drive,77848,4967 0364 2470 1370,218.93
Enola Clarke,coffinmaker2012@gmail.com,73 Hauser Ferry,74507,4132 0621 0190 4442,762.93
Cody Sherman,araneid1942@yandex.com,814 Cecilia Bend,92824,4591 5802 8017 6536,617.25
Mckinley Hess,aspiring1981@outlook.com,21 Florence Road,19015,2613 9836 3494 2140,468.74
Kristopher Powell,inviscid2006@outlook.com,66 Stoneybrook Gardens,92440,3499 795206 43003,164.54
Clinton Washington,ridottos2044@gmail.com,1192 Felton Parade,40806,5493 7915 2854 1151,569.41
Zandra Shaffer,creatine1885@outlook.com,27 Kempton Bay,40875,5450 7147 8671 5573,678.03
Yajaira Singleton,spermatogenesis1971@yahoo.com,1231 Quane Road,61738,5135 6167 0223 8890,777.47
Lorean Craft,hachment2022@outlook.com,23 Carrie Heights,75745,2639 9810 7887 2518,702.53
Marco Knight,quarts1845@outlook.com,1002 Pershing Mall,27711,3408 256782 60091,612.4
Ranee Massey,chela1896@live.com,371 Sloan Drung,49688,3494 996209 23411,727.95
Gene Pope,byron1885@yahoo.com,205 Midcrest Plantation,76662,3779 138343 40738,305.75
Shemeka Hawkins,behalf2064@live.com,791 Lurmont Alley,61417,3406 685881 41104,757.37
Dane Wells,blows2029@yahoo.com,428 Upland Glen,62764,4589 7882 1896 8825,789.41
Brendon Jacobs,exorcise1970@live.com,498 Java Circle,22440,3735 009699 50177,460.84
Deangelo Jennings,splendent2019@yahoo.com,172 Andover Side road,13487,5537 2793 4735 4434,849.44
Lyman Bush,disilane1859@yandex.com,529 Parque Trail,7126,3467 525271 46343,661.22
Loren Gregory,disestablismentarianism1902@gmail.com,764 San Bruno Manor,994,5280 9141 1357 9371,548.48
Rolf Jensen,espriella2040@yahoo.com,1377 Jason Gardens,35451,2551 5215 7217 2967,106.76
Mike Kirk,shipwrecky1867@gmail.com,874 Arnold Stravenue,1348,4208 2935 2078 9556,253.65
Meghann Atkins,intact1956@yahoo.com,1031 Lowell Court,40236,3712 421236 16335,578.5
Lekisha Castillo,paseos2022@live.com,782 White Spur,46875,3454 398732 50611,542.57
Otis Greer,occurse1844@gmail.com,1168 Marin Mall,11382,2637 3698 7157 4576,173.34
Nigel Carey,demir1855@yandex.com,1336 Selma Parade,81564,3742 934808 56979,432.89
Rozanne Fletcher,orchestric1803@yahoo.com,1118 Trenton Bay,57928,5130 6634 1073 8584,470.82
Keven Pratt,heft1901@outlook.com,568 Evans Turnpike,42496,3783 148802 04911,896
Sylvie Hobbs,inviscid1959@live.com,1122 Underwood Nene,28987,4795 1002 1608 6883,341.69
Willene Kennedy,outfame1800@yahoo.com,141 Alabama Trail,54576,4952 1804 8200 7275,101.5
Avery Glenn,manatee1854@gmail.com,815 Brewster Row,30246,4378 4742 3035 2430,320.81
Lilliam Simmons,hadron1984@yandex.com,665 Burritt Extension,51278,2334 6168 9611 6270,434.85
Nohemi Hartman,cotte1881@gmail.com,138 Madison Lane,33726,4718 6172 7224 7251,442.97
Rigoberto Cooper,caridean1945@gmail.com,1333 Dock Turnpike,20334,3468 996871 63129,447.71
Sean Watson,grasper1845@live.com,1055 Avenue C Circle,47675,4740 4023 5133 3823,997.77
Louie Mathis,submanic1802@outlook.com,754 Edie Street,61803,4952 0353 6695 8136,488.97
Jermaine Powers,topos1847@live.com,1216 Sunrise Grove,3712,3798 768692 92397,823.9
Russell Hunt,agnar2063@yandex.com,491 Davidson Plantation,66041,3484 426717 59590,212.93
Clark Clarke,overdiscount1945@outlook.com,1272 General Kennedy Pike,46274,5505 8746 5844 0091,128.46
Herbert Joyner,convair1896@gmail.com,486 Cesar Chavez Bend,87017,5372 1062 8627 9058,347.5
Johnathon Barrera,cowhand2039@outlook.com,836 Reeves Wynd,81061,3769 761247 99385,976.84
Oswaldo Quinn,enzym1902@yahoo.com,668 Diamond Highway,65766,5295 5660 1128 1816,782.89
Amee Page,turkophil1915@outlook.com,292 Caine Plantation,7826,5306 9575 7049 1911,544.67
Pedro Bass,criminologist2032@yahoo.com,663 Forest View Circle,11767,2546 7146 7352 5724,92.83
Colby Dennis,swimy1969@yahoo.com,73 Fairmount Mall,39831,3431 473519 50055,652.71
Justin Wilson,anaesthesis2007@live.com,775 Mendell Point,37881,4860 3993 9336 7195,351.21
Tyisha Mcdowell,anaesthesis2066@outlook.com,578 Rockwood Turnpike,83136,2570 0972 4997 0569,512.78
Silvana Hooper,ad1905@live.com,348 Pilgrim Manor,89641,4212 8373 5265 2243,123.81
Cristopher Walter,bandicoot1933@yandex.com,373 Walter U Lum Concession road,55216,2708 4485 6386 9462,486.29
Erline Bush,rhiptoglossa1846@outlook.com,543 Saint Charles Path,6538,2301 8488 4412 3889,360.27
Evita Lindsey,wyson1853@outlook.com,1103 Ware Parkway,80342,2321 0961 2467 7135,417.37
Wilton Sexton,pinnacle1907@gmail.com,1095 Stigwood Spur,7695,3734 564693 06164,94.18
Coy Bonner,idiosyncrasy1839@outlook.com,359 Goettingen Ferry,9725,4671 0866 7279 2974,386.66
Carl Small,unremarkable1946@live.com,737 Pennington Spur,24627,3740 885881 80318,672.67
Terisa Duke,zootaxy1922@live.com,1311 Mulford Promenade,81524,2451 9025 8811 3743,682.01
Derek Johns,ecstasy1965@yandex.com,451 Koret Path,1771,5557 7494 5634 0080,911.24
Gianna Booth,cherokee2005@yandex.com,3 Rickard Wynd,1797,3747 857853 25261,851.31
Albertine Dixon,wineier1803@outlook.com,969 Albatross Drung,36458,3403 047573 64398,821.1
Kevin Chapman,quassiin1864@live.com,533 Acacia Stravenue,46407,4382 9649 8176 1213,819.12
Donya Bates,receipt2000@live.com,11 Bayside Street,85491,3455 022793 70257,572.06
Albert Benson,unfrequentable1917@gmail.com,752 Russell Avenue,48985,4900 0852 1323 0935,330.3
Korey Morton,streamiest1911@outlook.com,230 Ward Line,99801,4615 1491 4259 5671,243.52
Ara Hatfield,motivator1869@live.com,187 Helen Drung,2548,3458 295841 68484,34.65
Michelina Gilliam,thumps2023@outlook.com,694 Innes Run,4903,3434 970779 35454,726.57
Antone Sullivan,subatom1918@yandex.com,770 De Soto Private,20106,4279 1233 8723 2800,895.54
Branda Hall,edlin1888@gmail.com,736 Orange Point,11639,2289 5213 0557 1211,758.12
Chere Hahn,galopade1912@yahoo.com,270 Lois Thruway,22840,3783 122208 25239,998.76
Aron Knapp,apatornis1982@gmail.com,323 Executive Park Bay,6276,3775 284739 13262,29.72
Eufemia Hewitt,darkener1919@gmail.com,179 Diaz Square,22263,5318 0651 9166 3417,101.52
Eleonora Vargas,novela1827@gmail.com,176 Belgrave Wynd,83904,3705 567958 28915,696.3
Emiko Blackwell,soapery1912@live.com,992 Christopher Parkway,28284,3454 182135 84780,588.71
Raphael Mccarty,kinkajou1853@yandex.com,1163 Bosworth Plantation,95472,4877 3790 2866 5602,917.28
Dean Schneider,fragmentized1874@live.com,680 Castle Manor Manor,99877,4707 8052 0555 1138,477.51
Lawerence Bowman,chignon2052@yandex.com,332 Kohler Terrace,38449,4629 0527 7560 4733,856.72
Rickey Vasquez,sarcoplastic2018@gmail.com,439 Peters Pike,1240,3793 832905 14309,222.14
Jerrold Luna,cherish1912@yahoo.com,1383 Merrie Crescent,555,4431 5573 4636 2445,126.06
Jonas Larsen,going1804@yandex.com,1323 Van Dyke Arcade,7839,2672 8966 5206 2195,323.13
Basil Rios,holloo1814@yahoo.com,605 Sloat Terrace,8108,5581 7245 8451 9384,937.14
Hipolito Rios,calefacient2049@gmail.com,1248 Fountain Boulevard,37077,2333 0264 5343 2022,645.82
Clayton Robertson,coner2015@live.com,230 Paper Parkway,57242,2414 3939 6501 2607,128.73
Tony Chandler,sexillion2061@live.com,118 Flood Plantation,70135,5581 8059 1883 1841,820
Cuc Mcgowan,dispatched1820@gmail.com,87 Louisiana Grove,70959,2678 4140 5531 3894,764.69