Financial Performance,Industry Health,Firm Category
-2.7616496805650073,-2.414516441919004,0
2.8671615825597687,1.989523670923861,1
-0.701230317365531,-1.0748451148850826,0
-3.516213557981173,-1.9282167060442792,0
-0.9819013349644046,-2.798853131831364,0
-2.8931760143077954,-1.935258319221377,0
-2.056317664459742,-2.4859712815462096,0
-2.029454125213622,-1.910105208966225,0
-1.8413602238985842,-1.904793083354033,0
-3.295716555056525,-0.3958875795627268,0
-1.8507508872093725,-1.671958682233395,0
-2.0983121804149185,-2.748615547407255,0
1.8411997444794403,1.9355144045390056,1
-2.2759897681239836,-2.1846717945083753,0
-2.662518071350619,-2.088582731232879,0
-2.5060721139116557,-2.1678775588215347,0
2.199833979159119,1.0739865298203515,1
-2.028792145381753,-1.1703688145808737,0
-1.1210491991623042,-1.0774299029002221,0
-0.29235875286986857,-2.021571511426424,0
2.023372633013206,1.1954485435211324,1
-4.158689393332837,-2.9706705006629637,0
-1.2091914862246878,-1.1668482924982857,0
-2.6255293461494404,-2.350007186262865,0
-2.4960006751585033,-1.4415743727422248,0
-1.7163183583097377,-2.169898628392496,0
-0.7529555675041124,-1.9124778428596574,0
-0.8028757509118287,-0.6634166226312603,0
1.619795781308302,1.7546924954379173,1
-0.7441955920702448,-2.2942657610927095,0
-3.2296230935516497,-1.596875024648238,0
-1.751782169772986,-3.67539825297825,0
-1.7364080265908182,-2.2340631482879267,0
-2.2038823577951114,-2.1127286019121265,0
1.2099034298367504,2.527535045388545,1
-1.6643238099603523,-2.0728629879417437,0
-1.8159242117084933,-1.39039105575038,0
-1.4982583716867794,-1.8697533997545666,0
-1.4559441280975163,-2.255841279118937,0
-2.639637992553408,-2.233275676400666,0
2.223521080977333,2.0918270491205067,1
-0.24744021682421313,-3.517088738312874,0
-1.4527989374544377,-2.2827279862936116,0
-2.6045302120815723,-0.518849684341192,0
-1.9893178589222587,-2.555754876229781,0
-1.7454766402570485,-2.01538530727811,0
-3.7816901054800116,-3.359466883777837,0
-2.253520957222677,-1.487211306893195,0
2.0146538118971242,1.9012835920008269,1
2.6339526148509718,0.9863141595982381,1
-3.171242858864473,-2.123592955048423,0
-1.1182106139317263,-2.983659402837143,0
2.6066075457193603,2.3229792616620926,1
-2.90984352901929,-2.642458132922782,0
-1.303224157974206,-2.4067657074203206,0
-2.7307547277238187,-2.49912412213493,0
-2.69186395317247,-1.5130007341266383,0
-0.8347780908217783,-1.746690211436834,0
2.253941724275493,2.138944218141666,1
-0.8032921872924195,-1.4596369526366304,0
-1.5276049070397557,-1.1380987458988947,0
-1.8888969003710632,-2.9632810797357623,0
-2.1067909354928487,-0.4107479112460799,0
-3.147224583161668,-1.498474955223763,0
0.5790612462864424,2.728865947467213,1
-1.5941987323685018,-2.0932539392453964,0
-1.3759782917290964,-2.503553283243024,0
2.0712940240476665,2.084285913540121,1
-2.6298508335746495,-1.8024618150889944,0
1.873114584085082,2.5562447961914843,1
-1.9860724733599964,-2.897614982997511,0
-0.703270171502602,-2.644947853905779,0
-1.990850743075667,-0.8552537617258904,0
-2.1415492457802974,-3.810092261076483,0
-1.8879120949561978,-3.1353190217155893,0
-2.4553189228095764,-2.8494374090486785,0
-4.005152522140849,-3.691331137533461,0
1.8906895202345775,0.9089055803036514,1
-1.9884412679857708,-3.18366402769289,0
-0.26218358734283376,-2.6605231127444258,0
-1.778800556142253,-2.5866172831162504,0
2.517900092681125,3.1094604751528356,1
-1.2849727156951671,-1.2405855310132952,0
-2.2014817578000665,-3.0611917182214303,0
-1.041735326622999,-0.6363246629020745,0
-2.088357621133853,-2.493889650969889,0
2.5733474482076613,1.8465785252871483,1
-3.111640190776413,-1.332573435798594,0
-1.709321665140588,-2.7837761531559835,0
-2.9566892082595855,0.004784228254938405,0
-2.9703799769413086,-1.3796158609023839,0
-2.0023243602204333,-2.048504241823394,0
-2.407734992490998,-1.6609812558443962,0
2.9299659095655985,1.628564718124259,1
-2.250082410932057,-1.9190375308013445,0
-2.7690910420491632,-3.1416125029693016,0
1.3760495008062064,1.394530207581714,1
-1.2990401098797135,-1.9013956291417657,0
-1.9135753461501237,-1.9764659048233875,0
3.042860361166082,2.110876383294826,1
-0.5360750095622744,-3.1401249378099036,0
-2.383325679028864,-1.7198662729373768,0
-1.328813268900396,-1.255118334957154,0
1.3238436567486063,3.048127385113169,1
-2.013963961468942,-1.4148779862999474,0
1.9792671210734722,0.4366465474196397,1
0.25741992213958476,1.7440619302975857,1
-1.0717291440049843,-1.7044058268994209,0
-4.093832075510348,-3.45178167005381,0
0.5993939321678716,2.5498129641469234,1
3.284794817252383,1.8096372669083776,1
-2.564672405921827,-1.0458511457962452,0
-2.067606421923704,-2.237889506218803,0
3.2769627834472117,1.724020703676586,1
-2.6859974597918175,-2.7473454745183594,0
-2.008420940336812,-2.3105927255913654,0
-1.3929554719216553,-1.2920729484280933,0
-1.9400991216890664,-3.4295483230238255,0
-3.127367421177753,-1.0954197163766952,0
-1.4763358779306395,-2.0409507580861312,0
-2.366641630403804,-3.242164699817401,0
-2.536996904669455,-2.010131679135121,0
-0.753049396382095,-0.10421584874807688,0
-1.851459716992892,-1.4903797449641134,0
-1.7347786155994336,-2.8334162256170305,0
-2.8919740033564016,-3.0415672208127704,0
-0.9651603034693532,-2.351198130933022,0
3.7185425947482007,2.294575591226943,1
2.072304197156056,2.2202466236369602,1
-1.8510306412243172,-1.3133711992942336,0
-2.558247920101384,-2.4626605736158282,0
-2.5080699353177573,-2.7154965150471138,0
1.6991313765976892,2.0517245546957374,1
1.7573191081783457,0.852629026408714,1
-2.3929001102326546,-1.8925015071681965,0
-1.5957092467899567,-1.5881081297153248,0
-1.5876689585734072,-2.8918968418927493,0
-3.045227258275215,-1.9388956158723265,0
-2.240780923164271,-1.3540352663957838,0
-2.7709252679208305,-1.701391221079644,0
-0.5214133056256787,-1.262311705487551,0
1.2998084902840668,2.256655017447364,1
-2.3679542646725498,-1.4845170671757422,0
-1.6661583960201098,-1.3721834791875285,0
-1.5750689652350198,-1.9967993264196997,0
-0.2897375460484142,-2.6284271975361886,0
-2.944850318190238,-1.4095570517125573,0
-0.9348343099299266,-2.229846290780815,0
3.6117190991996417,2.4695077962852316,1
-1.9025429832068506,-1.0964128736704644,0
1.066828680695007,1.2138088239582836,1
2.2048419089044162,1.4278142873828354,1
-1.6896631080797457,-0.8244098337548833,0
-2.3589904261372983,-2.537958431029277,0
2.133946603825005,2.820599638245313,1
-2.9197782305129136,-1.6595019363111703,0
-1.5835389303413034,-2.915473111698514,0
2.9522585867525444,2.3503345057446343,1
-1.8075955582821104,-2.7995412010865435,0
-1.3311962244525848,-0.7653127113564129,0
-2.297705532700898,-1.2675048916054132,0
-1.167969236372416,-1.541387641179968,0
-1.7447687231543212,-2.199496300381928,0
2.4435660310995555,2.426207123074268,1
-1.7673696428250356,-2.350443605990099,0
-1.1910343489800732,-3.1812501284161443,0
-2.856013523303288,-1.5088387487361423,0
1.9879994140017478,1.9134137848631487,1
-1.7191064827912277,-2.0550163704629107,0
1.5323113301748525,1.473923088152402,1
-2.8645685539564054,-1.4196207964147716,0
1.7036185165063928,1.1607573070050943,1
1.8139176927352025,2.6423493336931694,1
-0.557128814810802,-2.3620199786272202,0
-1.859865816625545,-2.042786954188125,0
1.1302130634661918,2.906890766622767,1
2.7062392528852217,3.1999401308016693,1
-1.5912497804063286,-0.6314705290630915,0
2.3022638330383685,2.9842394758531494,1
-3.7285024034397343,-1.6746754805211694,0
-3.068556361358887,-1.531237770784395,0
-1.8140043526570098,-1.453958874508412,0
-1.595956998166322,-2.213603343473532,0
-0.5322258986802506,-1.548493715604549,0
-2.1491530170271074,-2.2841932107975693,0
-1.3861650988100664,-3.1845236954242138,0
-1.9600620095457149,-1.824418004979651,0
2.607945682023667,0.8265414801438893,1
3.0722175282634447,0.6908207912437909,1
-1.2558414355676906,-1.6753768106971603,0
-1.532282711618059,-1.7405806052412631,0
-2.8175087557130474,-1.3643774083191342,0
-1.5307051851193245,-1.059857049954116,0
1.805581014645157,1.582946855380781,1
-0.08788323013319066,-1.8036617206487042,0
2.5045133380203946,2.9265494821924145,1
1.3693788311021653,1.0256212962443203,1
-2.364894044118948,-2.7839122013294406,0
-2.59802101486368,-2.469344351757965,0
-2.914014558417712,-2.279474177930302,0
-1.8825877892904885,-1.542556096908008,0
-1.3471650525407513,-2.489925578503059,0
-2.5685246165446265,-1.0950971196600303,0
2.4649906173767273,1.0474790131512988,1
-1.6398258063697235,-1.4980503337975115,0
-2.890748882378392,-2.0539280199574836,0
1.2641808235804202,3.35556801583835,1
1.0061595906665146,2.4138178487759445,1
-2.14473624166252,-2.483136502234606,0
1.707330676814385,2.6116016953574137,1
3.686998743998901,3.290849240873829,1
2.7664548146128483,3.3653294731857133,1
-1.7651423302013944,-2.289123088428112,0
1.5183435021157938,1.7971036883248175,1
-1.3048910743953055,-1.3996706881079934,0
2.3895282827790267,1.3885282989843222,1
-3.626314761599839,-2.3586573244999633,0
-3.55513740666543,-2.939218941234275,0
-1.733508359622801,-3.6260318310572703,0
2.8578894964519206,2.2872132350993937,1
-2.59772663500067,-0.6460363191778027,0
2.187817024840726,3.1814508869009472,1
-1.2109318497430064,-1.8291728789316466,0
-3.3099596744066737,1.1668821632303708,0
2.4127093751647335,1.3915161944694217,1
-1.0198753205814153,-2.842836858960252,0
-2.3820646837253765,-1.9792000046514735,0
1.8694999950297202,2.4649479554485767,1
2.0773914836773892,2.8556008008270317,1
2.2530154251123142,1.5052470220689214,1
1.426684779225313,1.4330760046173376,1
-3.1398887213234934,-2.7227541810875966,0
-1.11310659360826,-2.562336322328135,0
-0.8896209523608276,-1.8190401945254746,0
-1.4459405219685153,-2.382937885132529,0
-2.445014374893014,-4.0805134472904765,0
-2.265026535946103,-1.690768683893527,0
0.5115754102258645,0.9661787029050082,1
-3.2088612863281623,-2.6971376524759663,0
-3.8464308109026395,-1.7383452739445062,0
-3.2592587401069872,-1.9195252658562194,0
-2.308790474822996,-3.3954978996431135,0
-1.9038728380146968,-1.5062375122340645,0
-1.7599589928405297,-2.4507783284587896,0
-1.8268525885205866,-2.658755123354687,0
-1.6398755897862567,-0.5877319195847426,0
0.6568630049362918,-2.480180264301852,0
-1.697139538563337,-2.431758122250548,0
-1.4577539431041506,-2.885258453913508,0
2.2217110652606205,2.9823269585402263,1
1.6294903505994625,1.80666897226379,1
-2.152823337119686,-2.628897016192134,0
2.781442604449709,2.6822667399302396,1
-3.0579543770738,-1.5177095981701245,0
1.9698326446396583,2.0362100549765687,1
2.896289439660107,2.6883635582228753,1
-2.290089670061807,-3.1881251610603636,0
-2.4739690281226157,-3.8439263502161105,0
-1.9619723022679194,-1.8133762183551665,0
-1.23640346676185,-1.9234025831118922,0
-0.6492929736039954,-1.810140508829445,0
-1.2368062158253217,-2.6105140808661416,0
-1.9150218207718257,-3.220544252983486,0
-1.3139619571276842,-1.889692105672138,0
-1.4711837699210455,-0.5662734328195462,0
2.6201648948744483,1.665500862466562,1
-2.2860113712152104,-1.5818758607215022,0
-1.7521465931140092,-1.158943385720999,0
-1.8866875698673558,-4.0130430887726,0
-2.25165108953383,-3.0760080162147005,0
-3.8218383973282926,-2.0556996315641034,0
-2.8825730770184688,-2.8716408787704335,0
-1.470655138827214,-1.2109182558303484,0
-1.0977989240398163,-1.9597654087783611,0
-0.25153967477347083,-3.11719706839051,0
-1.684969815000545,-2.182512552560365,0
1.8716518335391783,0.9108367678813154,1
2.4754172394689107,2.1726877378884852,1
-2.0021979165823787,-0.9318869378250949,0
-1.5147612796693641,-2.5898317022079453,0
3.086053182370372,1.927864546328454,1
-3.01508716733904,-0.5929925199329327,0
-1.4277332407161811,-1.6486981014249584,0
-0.694646789095362,-1.3112870071852563,0
2.551674253534285,1.8017619951139734,1
-1.1351256055831263,-0.6204866240384903,0
-2.085168097244432,-4.232797125355077,0
-2.646177893356051,-1.0132600725605898,0
-3.430190166734274,-2.148648685424263,0
2.9633020210070473,0.4455204701576625,1
-2.107834503436579,-1.1606253673979459,0
2.418698355130243,1.6184548818845175,1
1.9965789962633886,2.558677034091514,1
1.165111845931229,3.9018791007069464,1
2.4901267893643992,1.0699028524911813,1
2.908271382495228,0.981779490027876,1
-1.1448112227048657,-2.1678023483380433,0
2.9379593500165946,1.342719612341764,1
1.3006658233028467,1.5752544285582295,1
-1.1367543560394162,-2.5494653006227113,0
-2.785728766422935,-2.357846529402702,0
-2.4071778222582894,-2.1331887639087674,0
0.8409981810627427,1.966898499831179,1
-1.9236599302469939,-1.2628399450723908,0
-0.2716354185125782,-0.40080638888231324,0
-1.882774341787941,-1.7985122373971973,0
-1.4565590840402698,-0.8579624389381242,0
-2.33828556911262,-1.93082847478057,0
1.6415105551251876,1.5113639977212698,1
-1.910930186893624,-2.015618046656219,0
2.8321221914039287,1.9265886453135506,1
-0.879505691356248,-3.2001415067958336,0
-1.68981226980564,-2.2838390096085392,0
2.5111887629545677,2.8161221156122815,1
2.486684301353242,1.7186464991011376,1
-2.16215512616597,-1.88347854617081,0
-2.2089615355652095,-1.309389280850068,0
-2.0313426049675973,-2.18300333697617,0
2.1323055199709255,2.995567249623144,1
-2.273314601038968,-2.4576207097704756,0
0.5623071261166288,3.0289009987617503,1
1.7245686805757612,1.9513460203715893,1
-2.797615836423746,-2.08543518942338,0
-1.68445757599031,-1.4195819533971528,0
-1.6563790879824283,-2.485598718560037,0
-2.858371422969316,-1.6038731110397468,0
1.5737344311035575,1.755956804841564,1
2.2566095845244782,3.534895621120886,1
-0.47627303332721493,-1.1111546411515962,0
0.42468568989762456,-1.3403322999732339,0
0.47020937122420237,0.8788030495119099,1
-0.6390120277255389,-1.8819180512105542,0
-2.7037838412897797,-0.27741322458963813,0
2.0046227133642347,2.0898910765238004,1
-3.023540925050818,-3.0721673407228005,0
0.32932236665249937,2.926705435998754,1
3.6505483510274725,3.0197347817419002,1
2.537622854385577,2.7170573174950965,1
1.3019980476895234,1.1249676436097427,1
-1.6512110429628721,-2.5499899144481395,0
-2.6779620302797698,-1.3720762820901016,0
-1.3512386617571552,-1.164446324234193,0
-0.8064821112837939,-1.9759907790626594,0
1.9638348242317454,2.2742770484762262,1
-4.234468000117232,-0.44997694910713615,0
-2.2750829404568607,-1.9651225145326023,0
1.7606773833113203,2.2283931489294586,1
1.9782121515516038,1.1638888201657518,1
-1.4604831161433047,-2.5779135243313207,0
-1.3529245117874544,-0.5681962534349829,0
-3.0313040315799364,-1.912173643110119,0
-1.1448227022389899,-1.9677028551817286,0
-1.1324651492536961,-2.0880775666549294,0
-1.8058644471345644,-1.8385358569007968,0
-3.0362063082248696,-1.9405435570538947,0
1.9741296702079378,2.3446221062094454,1
-1.283262815063237,-2.885423095905163,0
-2.449844344815272,-0.43609753999277245,0
3.1294484851030298,2.8031971226581396,1
-3.2355166251093586,-3.2372488319749255,0
-2.7471317245012012,-2.4264162608668793,0
-3.7155552373827607,-2.2956499402699464,0
1.4371080193148071,1.3654837479242783,1
-1.6469084451451343,-2.0801241866268,0
-3.6385603669926203,-1.6128930805269412,0
1.8946355499405672,3.7378662370043405,1
-0.9761598626954862,-2.3614047532760707,0
-1.0824796988804137,-2.0397620633269407,0
1.1419797584072335,2.2320330914844035,1
-1.0332349371584297,-1.107438557772411,0
-2.332860435328146,-1.4946743192073004,0
-0.2797169539256841,-1.2465070598062997,0
-3.098493856197405,-1.7478724863661665,0
-1.23464840829435,-2.06525601572136,0
2.7855949261753277,2.3508495984712323,1
-1.0663398672000288,-2.0317349600723857,0
-2.9283545550955496,-0.7815226288576123,0
-1.8861989019789458,-1.589195616009162,0
-0.34737334382493246,-3.1769255406661,0
-1.6520013405897271,-1.271661117597533,0
-1.787486077988572,-2.2083728470923036,0
-2.5171928214271952,-3.159193238817636,0
-1.544700323340177,-1.8421472066017677,0
-2.49696587103286,-2.252991462105776,0
0.2623018316279886,2.152309789819709,1
-2.1140722334637165,-1.7872558845053987,0
-2.7822184012263738,-1.8624342942659273,0
-1.2120386626246313,-1.1429980577232874,0
-0.6449527093695351,-1.8425041765997667,0
3.1801467826470593,2.0891053148251606,1
-2.229107932316139,-2.696710119721569,0
-1.9351334353616592,0.7461307454364476,0
2.426693965141566,1.8546358436109749,1
-1.8551690045137033,-1.1142596392407502,0
-0.9355951078441145,-2.0080718146852226,0
-1.891116428891621,-1.141655121602565,0
2.2048635499615714,1.834590932753304,1
2.063777569400221,1.202608182955645,1
-2.0015131862704028,-3.1172963396763453,0
-2.5002736011727906,-2.475074453803608,0
1.9086253918948992,1.8481862668450266,1
-0.5515720686996348,-3.04458153804619,0
-1.5879411090885074,-4.226027574122338,0
-1.924003111944671,-1.935399209101584,0
-1.0946964900388583,-0.7841465468622408,0
-2.2329057366354705,-1.5138278012221686,0
-1.2595990282380916,-2.36559028607483,0
-2.248093418814448,-3.947870211285711,0
-2.829324694049442,-1.563817927212124,0
-1.5764277405178326,-1.889839032002091,0
-2.3002279600720916,-2.5109843259633777,0
-3.620965132667088,-1.9991561840465386,0
-1.665310466693121,-1.4164455409752108,0
-2.181408153735667,-3.2516062830489574,0
2.558918382067529,0.14670615166542222,1
-2.6811645252246614,-1.1992948610557592,0
-3.5805841134990697,-2.4711449408349955,0
-1.4053147651889102,-3.2076581473792345,0
-2.146449589569579,-2.1768231214306684,0
-2.886170001827642,-2.0141746543281136,0
-0.35630071798550733,-1.9572723705613218,0
-2.3594766780419145,-1.131798943704045,0
-2.171723073780818,-1.1830014991208788,0
-1.070971445326554,-1.1440275688398935,0
-3.245553246292025,-2.4899537026274756,0
2.82899422060856,1.075427236707292,1
-1.759863744035338,-2.281799877194815,0
-1.6717874036825244,-1.3121032225624703,0
-3.599011155338668,-1.829579418884115,0
1.142134311845998,0.7943395274334801,1
-1.0583581953786867,-2.5128862521583115,0
-1.8972984078752444,-0.5916678531397421,0
-1.4533149963365846,-1.513135959897843,0
1.5242589938243363,0.9988873945047929,1
2.447146188571506,1.9634400614223646,1
2.4632697726000288,2.675614751661506,1
-1.7738594302012638,-2.660877945477856,0
-3.669112452365221,-1.7105586875431624,0
-0.3590612457140443,-1.531470399862094,0
-2.5086773588669673,-1.7988212444230385,0
-2.4804034708994256,-2.5189086140812615,0
-1.8009606708897836,-2.2373129218966903,0
-2.4136755663361824,-2.7976214621202105,0
-1.6915181661245398,-1.4253674113965258,0
-2.9003621970001587,-2.2740567538499032,0
2.842433900818139,2.500174549573847,1
-1.4731705027521635,-1.2008786808053753,0
2.104873759739977,2.279266947371723,1
-1.5988563280853358,-2.3828912590889475,0
-3.339356646095146,-1.3399761404488113,0
-1.832790175943971,-3.411526464504574,0
-1.8546071761363758,-1.8781006341448765,0
-1.9867779461555075,-1.8582498237792318,0
-1.3941375005623495,-2.0583137961695006,0
-1.277032453425635,-2.451331144436306,0
1.6657035057744751,1.2824963308671058,1
0.8930571187456653,1.3064358252542823,1
-1.3283726217710283,-2.524493349717077,0
-3.3755155796956187,-1.9543032031343264,0
-1.9727473099569186,-1.9933126697940136,0
-2.315751744796446,-2.9374507033768977,0
-0.7766017092788524,-1.4508138878946832,0
-1.5506895227812758,-0.7881996940141991,0
-2.216982972096209,-0.5096695281812227,0
-3.3445395782170495,-3.449402971775311,0
-2.353783423610538,-1.7411781171188543,0
-1.4075548391229802,-2.7629604814463478,0
-2.2013393661051395,-1.6938278610205089,0
-1.589656143665593,-2.2384742680821725,0
-1.363979124460124,-2.2995506550745763,0
-1.4810850847274661,-1.9141253649411283,0
-2.8298313354839877,-2.739632969260838,0
-2.150101079288981,-2.11915298331558,0
-2.1328158957557313,-1.0648589005377027,0
-3.556037566889631,-2.732339494585365,0
-3.0180470041967955,-1.7491618236292543,0
1.9034316265791895,2.0023266297264706,1
-1.502557196555542,-2.479843624856678,0
-1.5448767275978272,-0.456959755716706,0
2.0906786041386325,1.7402061887672258,1
-1.317375022435502,-2.3304234477688257,0
-3.0887838191236447,-2.277607959289268,0
-1.3780646358009099,-2.0950169376824714,0
-2.5175333506039266,-1.278810486681031,0
-1.6021847210832183,-1.8101338405283227,0
-1.6412954793746501,-1.099741201068597,0
-1.4619042015028167,-0.05689842438161663,0
-1.3135908383271353,-3.0870374728815437,0
-2.5610755410057413,-2.4297784191002707,0
2.05940054568271,1.157418421195191,1
-2.3399865560787663,-0.8386568733456525,0
-1.291339360827274,-1.8481106804935234,0
1.6125779835416587,4.9921991229636715,1
-2.664008788454139,-2.815615879524573,0
-0.48227145009129524,-3.1051129224974963,0
-1.7525457582362707,0.3338470102984865,0
-0.7707709375831211,-2.0003000070066848,0
-3.2421590265414686,-1.5372284637950064,0
-2.0307859698278237,-2.3861814898924387,0
-2.287379276568591,-1.5956944777976658,0
-2.1524386381291616,-1.8133286989919024,0
-2.0073612353947197,-1.4667114516751116,0
-1.8327226587395833,-0.755987204533529,0
-0.8611084565208103,-1.2768006607971785,0
-1.7069343883679533,-2.8356715055262334,0
-2.5965152397361875,-1.9615594346668288,0
-1.549791122704779,-1.8074103262098142,0
2.120740333580286,2.4558010328037354,1
-1.5768962035318608,-3.7896692088899764,0
-2.1818020074882756,-2.581980887775841,0
-2.648112024514967,-1.5082699310997154,0
-1.8607564270706172,-1.8576435536307114,0
1.1519725911423402,1.3778419051494502,1
-2.652437880963797,-2.5839412898301117,0
-1.7502090487896,-2.154657312379203,0
-0.8889764829037852,-2.529075394522415,0
0.16955989911612468,-2.878518906045775,0
-2.671991131689798,-3.8385647044302815,0
-2.50116523706404,-3.054818009123638,0
1.4769403813493889,2.28756885252103,1
-1.621765597052208,-1.1566343714913863,0
-0.8436437535896826,-4.0968093086463995,0
1.8222244194575956,2.7266717521354,1
-2.087118773470434,-1.249956125705803,0
2.156596735243844,1.8732220666719914,1
-2.2232781772346324,-0.701720731236799,0
3.117818606807972,1.763891739212391,1
-2.5012859556776417,-1.3823042580474407,0
-2.149255817525879,-2.0813966980233163,0
-3.155291044343672,-2.4035726903571613,0
-1.6038309408176317,-2.1397625277940007,0
-3.99857017140773,-1.6925125175402729,0
2.386078361219326,1.115654117417817,1
-1.1936268179195373,-1.686132071100554,0
-2.3802983001103857,-1.617911854545954,0
-1.8749889197839333,-2.152176820067889,0
-0.770096153815202,-0.7393732433102687,0
1.0753666791205685,2.8898789220693133,1
-1.2549954569855046,-1.2401529478309365,0
-2.4495010770150873,-1.7432231333849875,0
1.9995095959400309,2.325407780600131,1
-1.070848014660485,-2.0220235090143825,0
2.429411876189841,3.021239820411278,1
-2.647077757177703,-1.5540484377135733,0
1.2982025109507105,1.9646713601278618,1
-1.195450655751027,-1.7171462271978968,0
-1.6391016490123211,-2.5559367209481914,0
-2.7222653940030255,-1.5347925734068353,0
-1.6584605369394527,-2.2868710381322437,0
3.3111111445750927,1.164001448745429,1
-1.4552168581487588,-0.5899128788666816,0
0.8757938719920002,2.593645263772822,1
3.4113996632308554,2.006048316029852,1
-1.3475197122312976,-2.2256047219287685,0
4.275150855791439,3.9399819796267517,1
-2.465753950501066,-1.7385496167047558,0
3.181131194275757,0.3172057745585384,1
-0.46416617085752954,-3.113355100843227,0
0.7722399518303051,1.3189902407915772,1
-2.1345590717957728,-2.1393442754463927,0
-0.9522352754538772,-2.9239861079434917,0
-0.8847351659996561,-2.4710236857348162,0
-0.9480473699855791,-2.0146060281392377,0
-2.8784665163368253,-1.3930903495828413,0
-2.0474943220387996,-0.8408084766734114,0
-1.0757905956654796,-1.7231538029722608,0
-1.9662290026275258,-1.5337478290273423,0
-2.3677741448304546,-0.635613185795646,0
-0.36897828833715174,-2.3170346334741145,0
-1.6533117183164086,-2.1839648181167104,0
-2.275120567368314,-2.8001353518980125,0
-1.0241004967755027,-2.9070336283148626,0
-1.7091376912076448,-2.6929621445607537,0
-1.7448225394236316,-1.7881058993713834,0
-3.106703481988931,-1.426057102370354,0
-1.8641045957219426,-2.931206376928962,0
-0.9545355313860415,-1.7466280067690607,0
-2.798096673470442,-2.9117600704262268,0
-0.5502583267239864,-2.41399185796958,0
-2.529513467951738,-1.792774478566397,0
-1.7601398385797675,-3.4853131377792534,0
2.9616474808052704,0.9825011372683001,1
-2.329311330550786,-0.9771775337266224,0
-1.5884707515469423,-2.0138006922077736,0
1.612558306666789,2.728059711148508,1
-1.606130755250681,-2.5445425128071086,0
-1.7904996168477278,-2.469623204123843,0
-2.850343009897881,-2.2037064523724816,0
-2.303295688640671,-0.5616645068895105,0
3.9372714431501046,1.4607861542348157,1
-2.214697043296461,-2.1053405010296147,0
-0.8312860956295376,-1.526021758860784,0
2.070428876899904,1.4065918147979686,1
-3.4985287821082416,-1.263507905556035,0
2.148978996414571,1.996936045546818,1
-2.507523768240677,-2.4200827151511515,0
-0.6911079022720379,-1.6583531702606567,0
-3.119050254933181,-1.9345857449555068,0
1.8117501041961745,2.8438947617371912,1
-1.780938327466745,-2.1360668501486786,0
1.1328318904922825,0.2717844695605591,1
-3.7365688472616565,-2.492393311540604,0
-2.4809254405195067,-1.5551411919380917,0
-1.0744360923215799,-1.5675734710043105,0
1.9362078051681666,0.7834030266936773,1
-2.745345249727709,-2.854161874315484,0
-1.583350240897809,-1.9533024928296026,0
-2.2033438940858945,-0.8801248460152113,0
1.086242959270749,2.548333158148465,1
-2.5588565296398835,-3.8632328979416046,0
-1.6855126041168131,-3.4591358821001554,0
2.188791984825758,2.8662504572568914,1
-1.5776395565339687,-3.2488959125269496,0
-1.318568289987747,-0.6923179989044679,0
-3.32057701265928,-2.712444467330439,0
2.5329950394288776,1.3693357851820096,1
-2.109098007805199,-3.0954243241706596,0
-1.4907332724682951,-0.8725972885087934,0
-2.673255470381191,-4.522685960152839,0
-1.5893080515094553,-1.308398637181951,0
-4.131300751409711,-2.341142894106818,0
-1.8472676122660272,-0.31979589081692605,0
-2.718946554654917,-1.7442744464443252,0
-1.919686622080362,-1.7429393332299299,0
-1.5529576094519109,-3.20391302702361,0
2.787703603181388,0.7303449439310212,1
-0.5918006188407254,-2.0485219934198478,0
2.2290648819753653,1.5537328364753167,1
-2.177931222823927,-0.8238717249394079,0
-2.945854501207707,-2.532603614559301,0
2.621767036088977,1.368687354547146,1
-0.9496836707762173,-1.981314377944274,0
-0.5021573901797387,-1.3857454968073097,0
-2.2787769120954384,-1.5698359300472902,0
-2.4225374018107644,-2.8583748977249366,0
-1.776675637092269,-0.6875570811557847,0
2.4314030581817025,1.0364180507400813,1
-3.0655613332137985,-3.4085508483190265,0
0.7480569856219006,2.7617457013923303,1
-1.6935785041942353,-1.246939532360369,0
-2.2632412394728645,-0.9223156282636018,0
-1.68112128947085,-2.1536029573048356,0
-2.1281904926317514,-1.4221759010922272,0
2.2484990561723763,1.899642244906743,1
-3.1666687514911716,-1.238894550016043,0
-1.614259401253232,-3.503429593160135,0
-1.3615489637608453,-2.0815456314108802,0
-1.6387072395558067,-1.1166605389574291,0
-1.1208029338022567,-2.7213075923807986,0
-2.146720157856019,-1.1191998378652146,0
-1.17323935738861,-2.117018619689083,0
-1.8981482915423291,-2.056759739920687,0
2.730607082075223,2.7540105144111515,1
-1.4931929033771252,-3.353842039080308,0
0.022660565445118408,-2.198907822172368,0
-2.7018252151345505,-2.6942297782983404,0
1.3991752422573223,1.7128261647543621,1
-1.6592638587977473,-1.9607356822866957,0
-1.7320678849863524,-0.6380559624736464,0
0.9892952471468421,0.9406006262557454,1
0.4054907634141798,1.95385459367653,1
-2.025453738159033,-1.9100098060686432,0
2.9216052560117207,2.1407423139678747,1
3.398689572923773,2.381027052565587,1
-2.928136083985821,-0.9199145450546191,0
0.9933200661736132,1.492966357042651,1
-1.9421984806752923,-1.192170132041953,0
2.5938732590043907,1.0949830333669828,1
-2.9840465085335692,-1.5595700032190276,0
-2.178859909964176,-2.8571039043093607,0
0.8720230896224295,2.0244202303128973,1
-1.3657545072645219,-2.498824583743833,0
2.0830461448709374,2.1197500230181747,1
-1.681695660094519,-2.7968087112707196,0
-0.9809952558729786,-0.42631860059621207,0
-1.5056115728637323,-2.1473410605229963,0
-3.1015064328046975,-2.333247247899121,0
0.7784909075010293,2.985425749904434,1
-2.1671153866998223,-1.530701447054242,0
3.0073068236798086,1.3984180526312469,1
1.292715563358564,0.9584841356075151,1
2.462728429386242,1.2830956510028126,1
-0.7825073866660022,-1.8380421144688168,0
-0.7963825066682626,-2.4627415780253163,0
-0.6888307174768318,-3.0603930125559886,0
-3.561684229796186,-3.12186331636251,0
-3.0782119530029313,-0.8234081146469048,0
-2.2135442365197955,-1.4326742625015592,0
-2.030956407412841,-3.292617883762636,0
-1.488856544464153,-2.3725277859470664,0
-2.8313458576279222,-1.4135814146247374,0
-2.6751291903502423,-2.9387279250656753,0
1.437903778055078,0.6305881079516376,1
-4.011939699524623,-1.3482999880125695,0
-1.7457136967181952,-2.341333827230762,0
-1.6615974323333793,-2.107398851704255,0
1.7336047501760177,1.0118000032557193,1
2.4487344467306773,1.2626727563889646,1
2.0892239028318507,0.9830658215284782,1
1.2696436645782714,1.9156879436755334,1
-1.19344351127179,-4.412825588167439,0
-2.192560401401589,-2.684537113915599,0
-3.0485236525003154,-2.400561260150006,0
-2.284330792393713,-1.920846203174003,0
2.581343972828386,1.702432047328996,1
-1.025647279358922,-3.552544771491915,0
-1.64946692216701,-1.1021373426743262,0
-1.3887668639615112,-0.6501958214758383,0
-1.67720668656736,-1.5251371814103465,0
-1.2749908692651166,-0.8267002077818284,0
-2.3351503181424986,-2.3833479321019246,0
-1.982509730698758,-2.374939053022313,0
-1.3173742513410134,-2.1117693843528578,0
-2.358658485378066,-1.4458488706923887,0
-1.9830625371294808,-1.657073008292891,0
-1.8682679473206347,-1.3774606567203467,0
-1.465696350908532,-2.0242374235510496,0
2.43919610015058,0.47501372345033555,1
-1.164004472260882,-1.5131882412121203,0
-1.077920691991517,-2.1793886176987987,0
-1.3360844980551105,-1.3377668573662147,0
1.7525049772810846,1.0130614780148264,1
-1.0819146603145826,-2.411787937654657,0
3.593763788541967,2.1127098424889375,1
-1.2034368468715964,-2.5027700422038324,0
1.5082872600664723,2.096273942406264,1
-1.3956863766473155,-1.4392143027814046,0
1.6420213818162908,2.1508663299021653,1
1.025723159392658,2.0461536740621553,1
-2.5142988759357054,-1.3319533077110814,0
-0.9206178573898316,-3.0200910917361306,0
-1.8333176628365986,-2.582680068357898,0
1.7796151336282198,2.911242636400333,1
-2.1379425660403486,-2.7022867343370973,0
-1.4453070194716924,-2.606453862844986,0
0.944882538053424,2.6763411432991044,1
1.6307896235802921,1.6477104549760382,1
-2.8392541961348927,-1.7466728838746766,0
-3.1204755573349208,-0.7603129174309897,0
-1.9862682189007292,-2.343313822588075,0
1.2697519225993914,2.908113108629231,1
-2.528354552608123,-2.6534755406881523,0
-2.6649387225483223,-2.4511891667281254,0
-3.2525905205247243,-1.1889420264226356,0
-1.5357359099174166,-2.778614068199392,0
-1.191541030961968,-1.8342160431908,0
-3.078957157437794,-0.9579715708110559,0
1.3905322475372413,1.2323745416840517,1
-2.261395641105406,0.26183983524772003,0
-2.6203763477631377,-0.4819913542885197,0
1.219689163703086,2.420876079733783,1
2.0539143358551146,2.388142042930037,1
1.5624224695688667,1.790196901116343,1
-0.6028519286176219,-2.620056229658748,0
-1.9167572882327284,-1.577597262342531,0
-0.8909485886029449,-1.5614963322494455,0
-1.4254268939505172,-2.596938968525878,0
-2.3445445016591595,-2.4783748340001908,0
-2.014254039243151,-2.4801110393884906,0
-1.5082189793380412,-2.279187352732442,0
-0.7500643764056294,-2.6966412420864487,0
0.8758179647389843,2.295888378976288,1
1.43728395317921,1.2603923243613355,1
-0.7165408455069271,-2.213192448724873,0
-3.2413261113534544,-0.8614582509393862,0
-1.5936125307076967,-2.259225863216005,0
-2.732633479254943,-2.3258016344159724,0
-3.0513608260214578,-2.193441492258298,0
2.8465029874531247,1.983152491132932,1
-2.2311978744078527,-2.3134529918464386,0
-1.607551164952289,-3.1162264200522616,0
-2.4366193343860543,-2.159070290311117,0
-1.7541351463623536,-1.94557437226527,0
-2.4768690676701297,-1.3107015189270368,0
-2.819039453060959,-1.5457882082754777,0
-1.586758027166103,-2.205915997205464,0
-0.7396256731420952,-1.0347136815715454,0
-2.0811046249605725,-2.2657685435283357,0
-2.2857500204824133,-2.41710110832643,0
-0.8388565915272517,-2.494429478145263,0
-1.9650648054572888,-2.181051394010884,0
-0.21222260989929143,-1.962523036113359,0
1.4656559467432735,2.003951020498837,1
1.53067216284801,2.688836993924858,1
1.927724505910929,1.6089833141346355,1
1.8936273745118866,3.05761102759893,1
-0.7466510391230845,-2.1901984785162907,0
-2.7414975513668995,-2.145936325090478,0
2.059978738962693,3.1776012916542893,1
-1.5181445757634968,-1.6637742370823523,0
1.79002583834538,1.5019700371127798,1
-2.029025030842962,-2.6659162781509513,0
-1.631068720018386,-2.940786137153052,0
-1.72840975554481,-1.765655099455543,0
-2.3318775210305884,-1.6384431701430215,0
-2.207186282720426,-1.848565441953074,0
-2.5365298290312244,-1.6979489709432645,0
-2.824638422207027,-2.21755103974764,0
-2.372923885460742,-0.8920069250810889,0
1.8930449022085243,2.6278313528482546,1
-1.8491573477758698,-1.9625349136020471,0
-1.7169036584937276,-2.1495640132261995,0
0.7763216165002669,2.298208385910631,1
-1.5206294116325934,-3.1761896712170508,0
-1.2127902104478077,-2.4477451375348456,0
-1.7695374663958796,-0.8015134531383727,0
2.3916132945134296,2.1910366860183603,1
0.3968465857399226,1.8961746317958903,1
2.9799576114623614,2.8869903405327424,1
-2.6890530886208337,-1.460230779449622,0
-1.7266491209016905,-2.100138131669623,0
-0.30894099270444486,-1.7403571872567412,0
-1.6321746398318528,-2.165064729635904,0
-1.956974076458336,-2.3676654665378942,0
-1.512973072873513,-3.505128693732848,0
0.800669710577312,2.3462817819026345,1
-2.6035183527973222,-0.9977054758133697,0
1.869453138910866,2.220199096092633,1
-2.1225889294136735,-3.946006810117691,0
2.545121528106885,2.587209447935126,1
-1.059804005833557,-1.104080797155089,0
-3.263325028315572,-2.662902383085125,0
1.1219921578826857,2.7263376695302606,1
-3.590263625115697,-1.31096918768684,0
-1.5379101313826298,-1.7758166754274662,0
-1.2609952247488279,-3.963113544265014,0
-2.1487137420977964,-1.5604625384158575,0
-2.0291029150112756,-0.47937654422093945,0
-3.443154900252722,-1.7842409225521836,0
-2.0739458548332688,-2.1903002123654662,0
-0.9013340358991111,-2.421935565573601,0
-1.848640998539921,-1.020851192866482,0
-1.7671963661036871,-1.1400802011639173,0
1.1437693667231361,1.9089747485490005,1
-2.6436332682827537,-2.517265772305109,0
3.275309903706754,2.2382392307687757,1
-2.297651744807968,-1.9325620872717675,0
3.0297015465624932,0.7788578405011493,1
0.9955195695681056,2.83732910796624,1
0.7105162872737676,2.578053157720822,1
2.6351443273142507,2.485892922094154,1
-2.4459957774288346,-1.2486650046428096,0
2.941656176176195,3.3120458941192576,1
-0.7244282945422229,-2.7163532191599353,0
-3.720834524163166,-1.8909591957037821,0
2.3926091052012746,2.394919389714809,1
-2.580258509425639,-0.4124710008919026,0
2.272283969802686,1.6282444249403143,1
-2.8823756391394975,-1.3924051256039247,0
-1.7691066274585556,-1.953354093804733,0
-1.6389727871678632,-3.3472479886945896,0
-1.716271610883264,-2.6368521995962633,0
-2.0879931921308854,-1.9931608436511803,0
1.6305203960471628,0.5773454998946634,1
-2.6579737511234014,-1.4226309663098458,0
-0.8303136503640207,-3.6481125675981234,0
-2.6207158591774933,-2.804477777564779,0
2.94491098274026,3.3129089485660144,1
-2.220676850048915,-1.0168355314794422,0
-1.2573678280599463,-1.9332889302112726,0
-0.26565034395987497,-1.401629336529734,0
-2.561318825731171,-2.3258957481395073,0
1.3844931004566714,1.7965514274228327,1
-1.6045266792140969,-3.1953550122197476,0
-1.7794687398799425,-3.410599840792985,0
-2.664137516252091,-2.704462079875337,0
-0.9672053026972087,-1.936128310994971,0
-2.3435087785704107,-2.3796718936635264,0
-1.99618573457895,-1.5565979680729911,0
-2.614242996819648,-2.29163043976531,0
-1.9231086861283835,-1.8783581272532568,0
-1.2887685146383179,-0.5401449707280104,0
2.299660889564721,3.1610680926084296,1
-0.35642019041175343,-2.473253000213381,0
-1.09298444613165,-2.879913013851225,0
-2.4986239949692135,-2.416288821709356,0
-2.2554246869986554,-2.150933071124095,0
-2.036693348855814,-2.1749867671741674,0
1.9166128596713323,3.491852274330392,1
-1.702034518790846,-2.1187918424475147,0
-1.9710420297916518,-0.3760020100476309,0
-2.8716280040811815,-1.5686894223435517,0
-2.4031791593138543,-1.9856352866793388,0
-2.773609896806568,-1.0258269952997177,0
-2.4178851721085564,-2.2954047214631745,0
-1.5279684286713358,-2.5435070263977875,0
1.6553842084861852,2.755427783359431,1
-0.8961934467150263,-1.5180392790083121,0
-1.580199606162541,-2.3816993651754657,0
2.6170682337974993,2.786910913772575,1
1.1270475545966425,1.410898292044811,1
1.1719694637833962,0.8490037815276192,1
-1.6091854827700023,-2.0604573704168447,0
1.1253568729847998,2.179560587755016,1
-3.4863854915574017,-1.0110687756377437,0
1.8759601429586692,3.6900976954450693,1
-1.7062145488929081,-1.0136806460990102,0
3.2881632183920493,2.497995944630304,1
-1.972045128509008,-0.8368659347129459,0
-1.615323109387865,-1.9125453088756519,0
-1.5013102587375737,-2.347965346364182,0
-0.941844811913088,-1.8446599869649782,0
-1.360607303091584,-0.9347739811368574,0
-1.517571271898641,-1.7484544529980233,0
-1.0744300023534152,-2.1382714975163783,0
3.202848979288237,0.9062658199689289,1
2.075338526277266,1.1605117426986271,1
-1.0408656960787943,-1.851874866012845,0
-1.307673896540257,-3.8412309575042265,0
2.020905583624493,2.4233690434113115,1
-2.687497053534301,-1.1759980091466313,0
-1.5031338393287932,-1.2351026367002427,0
-2.3339982581873313,-1.8945741595859813,0
-2.87772348820429,-1.3290922022172982,0
-3.519049647455436,-2.89368855395129,0
-3.74482237366556,-1.5181878979691699,0
-1.7302232493532332,-1.1935476535393894,0
2.0531141598765523,2.432481785672831,1
-1.840192355845898,-1.2538228690495266,0
-0.6933790323367699,-1.7930060045501883,0
-4.031964322644539,-2.7119692082568294,0
-1.3585111745029241,-1.9627461612606836,0
-2.3506111592166654,-2.016602609278739,0
1.2120571955243191,2.1979630951573745,1
1.7201746703749632,2.2148217347346995,1
2.1822615318884906,2.7390817024043983,1
1.9612285311657038,1.0068845920570353,1
-1.541629819234595,-1.6336423389522066,0
-2.2569183840426357,-1.9735488754164319,0
-2.1087818608804714,-2.637815828394504,0
-1.1851580201856944,-1.0155534400362203,0
1.292982945141326,2.239068015254749,1
-0.6944513210759773,-2.3214310670655096,0
-2.9757955175832262,-0.040505080750881994,0
-2.017887497618279,-3.12037598169952,0
-1.4195595855370136,-2.259363375588169,0
2.009404405754574,2.966479568912439,1
-1.8678315307765967,-1.218962961534986,0
-1.8255372017710647,-2.254252453051825,0
0.5366242930000826,2.1875493775743013,1
-1.5658837643469472,-3.5665352684792087,0
-2.8952923188477824,-0.4351368770370865,0
1.6312141015397519,2.9346705330803284,1
-1.1689403185124687,-0.25041628242059377,0
-0.4703450027703231,-2.1042735458256048,0
-2.092788148377917,-2.140367174929402,0
-3.0589963289828432,-1.8269336339036206,0
1.3787171110331795,1.8248628556019928,1
-2.2407445729595197,-1.7989522943309781,0
-2.760727400840616,-2.563480265218767,0
-1.7722015113207537,-1.790026043629385,0
-0.8740715242736896,-2.0688108104745098,0
-1.4234512521902647,-3.2363581099358347,0
0.3760439446517694,2.4863572688713083,1
-2.425787216718542,-1.1054932826258435,0
-1.5148768445569305,-0.1650259101142577,0
-2.303614012427104,-2.811842952686937,0
-2.339594232456742,-2.5852247853842667,0
-1.4808211151839599,-2.468674997898892,0
2.74751629918548,1.1336179154305563,1
3.2677296316699476,2.908387175036818,1
-2.8759294765928334,-1.8644940535530656,0
-1.7429872684129346,-2.580171940596293,0
-1.2787274235257635,-1.5980045288785054,0
3.7669293039848872,1.7405345475065324,1
-1.973907613474659,-3.022109068064988,0
-1.193946411681499,-2.0323081663068927,0
-2.1591499602271167,-1.758431963675084,0
-2.1891495614503893,-1.417749200000281,0
-2.632639963020134,-1.0210222304319125,0
-0.9670488777192994,-2.093155318617331,0
2.027143038713122,2.211935965368161,1
1.8843045441017852,2.4441359788152783,1
-1.6998116391179392,-2.017557411065018,0
-1.5539738868981432,-2.3541243277361223,0
-2.0608407729240237,-2.2614928629724362,0
-1.089461784575138,-1.7636482682730885,0
-2.089839266709872,-1.3567017191836213,0
-1.7791177968613798,-2.1976131927085882,0
1.8354578209934893,2.0125993965225777,1
1.8455101901595614,1.037687990422938,1
3.0689893744028063,3.3265378034052357,1
-2.4684173974221704,-0.809486746581539,0
1.8790513424955273,2.8093567566135125,1
-1.7534366929308807,-1.1076085007241536,0
3.434090457306006,1.4887227998425656,1
-3.5546587245346823,-1.7180045085045337,0
-1.323071481931973,-2.687612752665589,0
1.790574643230948,1.3338291897721701,1
3.217147236011599,2.696998624711424,1
1.5859355792552519,2.1691479751932947,1
-3.318522334886082,-3.0906212456361093,0
-2.2129748048028977,-1.973908362645313,0
2.7647013178915842,2.2091216284321757,1
-1.7754679383018888,-2.0584901629978223,0
-2.7911715656732303,-2.7598910875901272,0
-1.4838778774971373,-0.9742865359285438,0
-1.7154261907391866,-1.3203305239241425,0
1.334843935719583,0.9447270159932244,1
-0.7005237090694065,-2.48940513092006,0
-2.2449632101026973,-1.337620285914203,0
-2.340056780604469,-0.6732805281536589,0
-3.4303303129597724,-1.7105221473283454,0
0.7679367429268171,2.3364747133480903,1
0.3876015928054457,2.2912753972909905,1
-2.370670374269065,-1.7624341057941522,0
-2.497001416344196,-1.159508280906182,0
2.2949325543967074,2.0837058586723627,1
-2.3577028518287984,-1.0203938361556009,0
-1.072791488909635,-2.9246402171900283,0
2.2357916118895544,1.865070170604834,1
-2.4510309876658423,-1.928250874141928,0
1.0678255983759708,1.6596647801560314,1
2.7323009130459806,2.7257150940436943,1
-2.0977232120893468,-2.544681259213854,0
-2.5568221370369244,-0.45029473550055155,0
2.7254131018627983,2.118845239427141,1
-1.327310753487117,-2.08230977405883,0
1.759507897759406,1.232773906415428,1
-3.1394669401448017,-0.9646541493926606,0
-3.2310345965957143,-2.3583161477728947,0
-2.893848278908222,-1.8124674417463262,0
-2.9351690758393865,-3.5195704796971605,0
2.608201397618723,1.362348880842538,1
-1.1253546935861356,-2.5969794203306313,0
-1.8942017768641723,-2.450589283293965,0
-2.172924119519625,-1.3330569497099796,0
-2.9448825382174584,-2.3679440835476653,0
-1.937046360127451,-2.954694952290342,0
-2.3248567209563906,-2.550726034534874,0
-2.979103720460196,-1.5533886251458902,0
-1.167928677476724,-2.7347520306400206,0
-2.1803360658864626,-2.2376699369791098,0
-1.6439226317243425,-1.921510203022407,0
-2.096371657430806,-2.9864965883571415,0
1.332401331635353,1.0353064705392476,1
-1.6378291022109095,-0.7571478227503146,0
-2.1591985470429798,-0.5068228998782998,0
-1.8805040335080903,-1.534330090013326,0
2.064325704311846,2.4540123188150287,1
-2.7587517251630373,-2.3387826377804286,0
0.25405968039266713,2.0798891584188377,1
-1.3803723811768163,-2.9897317607451033,0
-1.1918982581322204,-1.2639856534017895,0
-2.889454472620417,-2.949241360756007,0
-1.8715480066059906,-2.096119980502999,0
-2.4312260640160295,-1.4847200096456517,0
-1.3010606218663958,-1.253397362731202,0
-0.805421759476757,-2.742915420303482,0
-2.6878616190940043,-2.3503265688123904,0
-0.06578783812186328,2.418712227815593,1
1.6426986796385854,1.837673196333052,1
-0.6263290135549413,-2.6434215941785713,0
0.11450807378333638,1.280170005527304,1
-2.441344195048809,-2.253305314068368,0
-1.2280894905042992,-0.060554704588388075,0
-1.597452149251739,-0.9654192939741906,0
-0.5885719529499531,-3.109982347595948,0
-2.580477695307542,-2.6942149420988724,0
-2.3559960021727333,-2.9730168180657115,0
1.905166599912657,2.6892769898733757,1
-2.096711448389069,-2.208448472497881,0
-1.7026637670305078,-0.5175924119444968,0
1.0191819137617784,2.570056450792408,1
-1.9355517035183296,-1.2660641868782077,0
-1.7597970589438492,-2.3436765391202603,0
-0.994610023294934,-1.4087249310059011,0
-2.009387371501246,-2.568400539733564,0
-1.3997001508060025,-2.0660761911693406,0
2.930070837420827,0.9033171609692938,1
2.4247369702292634,3.14186350954947,1
1.5465794801578774,1.4560449593788374,1
1.519639566755356,1.2699305862963626,1
-3.294654345287981,-0.5107479181780084,0
-1.3989302118716123,-1.8876836508421198,0
0.5444409262364251,2.2026511245782343,1
-3.9308024009390303,-3.4220531006447903,0
-2.1255480535862596,-1.1225214817150868,0
-2.7643402098989514,-1.5312716551179075,0
-3.0163686211083838,-1.7736035729511987,0
-2.1903535486017462,-1.0757696911294197,0
-2.3357742959302707,-2.980855968991773,0
-2.854301261189244,-2.0613434901645853,0
-1.0487913943532878,-3.854742782149925,0
-2.3078657990662323,-0.8335134091123841,0
-1.1084936185761665,-2.469219151057274,0
-2.321974099655693,-3.181519184948385,0
-1.608624644994806,-2.893465805789,0
-1.8511403863093172,-2.1504934667447735,0
-1.771530139796593,-1.2918870685834176,0
-0.0924758892256985,-2.0595979322985496,0
3.2781095702765706,2.4589226754031714,1
-2.1421057567868407,-3.208365100070055,0
-1.2530962974328914,-3.4110197726010325,0
-2.1371529499820268,-1.8504503633824037,0
-1.472760163119832,-3.301950672493006,0
-2.1778625140882872,-2.160606455143998,0
-3.3995243373833777,-0.9392618532092145,0
-0.8456984572029527,-2.431745249761994,0
-4.443011504341044,-1.616118103076946,0
-2.1255949379946544,-3.0681621784121536,0
-0.2273253313216652,-1.338818754345252,0
-1.3764065071582308,-2.8690407257687136,0
-0.6811591280035139,-0.8329814313869826,0
2.7567090998592834,1.2864722758250329,1
2.0492271774903674,3.2749484476173487,1
-1.8927614427563015,-1.0383561102402354,0
-0.8739679998070171,-1.8967187362314197,0
1.6216995527763578,0.8743487116019824,1
-1.4782562913479773,-2.1851878642966636,0
1.7012188356891367,0.9431147410753047,1
-3.1671855671895823,-1.237961745254804,0
-1.5051686953709655,-2.35453754456051,0
2.0962001172048077,2.6560159244214105,1
1.570635665434183,1.4933002659698762,1
-2.998187296724656,-0.8301856137796209,0
-2.7384623656674636,-2.1041561665613404,0
-2.8364273979015158,-1.7157723943950163,0
-2.1840912507610137,-2.392811546159288,0
-2.015452805350064,-1.7844820377561108,0
1.7947241132716567,2.9317369298391482,1
-2.6621471658184026,-1.2288763220464332,0
-1.9513998433603945,-1.8311001959938267,0
-2.1436898357210863,-1.5986199125238676,0
2.336604159882461,3.2934353820187456,1
-1.9377430976698353,-1.5052957904011803,0
-2.1599515145770236,-1.994088813035053,0
2.735557747534573,1.7522564156642275,1
-1.5626157872668591,-2.381905329786129,0
-2.4715437370008857,-1.647812396495821,0
-2.3177005462849136,-1.2911280638344067,0
-2.1204034605203614,-1.2676005855499417,0
-1.959353796179177,-2.5095965172554826,0
-1.1927277898622797,-1.9104218500027774,0
-2.5530151654097297,-1.0859488639958226,0
-2.4586885834057024,-2.093798141703647,0
-1.151737992674554,-3.3689341276995943,0
-2.7114647311796123,-1.9029960370371373,0
-1.8530931405935036,-2.0691414990734462,0
-2.198644666549539,-0.8779987789714876,0
-2.3624839611023467,-2.592770674085087,0
-2.7616672573190564,-2.9091464810541563,0
-2.1091557951168265,-2.0952433502198478,0
-1.4275705719546252,-0.6952749967357004,0
-3.4196767905798673,-2.2497837291022496,0
1.4803251614727198,1.528735878973348,1
2.066746555810554,2.480315596892153,1
1.915349384418711,2.032692309222724,1
-1.196725516318807,-1.301595330147575,0
0.8902555840313686,1.9332853816773006,1
-2.6365012902313,-2.568042039194442,0
-2.320702553431141,-1.3407955052396738,0
-0.531304363568057,-1.8501690446882746,0
-1.3552693541291279,-2.1756417336753326,0
-1.5102139814975577,-1.4040923708474784,0
-2.156045872700721,-1.3556852606142549,0
-1.9914300586978146,-1.5647007331299574,0
-2.2998437498421223,-2.599975693820533,0
1.9753589503509532,3.2631311239532463,1
0.3853159586441548,3.1513083220271465,1
-3.7592463927750392,-1.2558744020866401,0
-2.1830126630961297,-0.7093109003495075,0
-2.8275703849599587,-2.2714878164650174,0
-1.4816601501496653,-3.08131950825414,0
-2.4765343047282324,-2.24729705491349,0
-1.8719703444417357,-1.29906486310702,0
-2.880495341770337,-1.0842210321283088,0
-2.6449425695627657,-1.9607506461015178,0
-1.8198484525602794,-1.571463528504145,0
-3.2208281503860823,-2.6096678441961054,0
2.813596548538056,2.090488465499223,1
-1.1028658334114687,-1.6728795696505379,0
-1.622772585530172,-0.9436656698145438,0
0.7569739120022789,1.4537217244386085,1
-1.4667280647771292,-3.2286017670335134,0
-1.6612045167487097,-1.9381279453211524,0
-2.153468441889292,-2.710103171267869,0
2.770554477712338,0.4295399456411202,1
2.7422558823516656,3.571423565804567,1
-2.989482701233118,-1.2993288578805604,0
-2.5533286013802474,-2.317402821484782,0
-2.111481444360737,-2.5828299915397612,0
-2.3037511643601976,-2.2968252143158456,0
-2.6222870613019302,-1.107327113660665,0
-0.955035147891641,-2.483682375331501,0
-2.1596485743969733,-2.5236825348199825,0
-1.3485254966808595,-1.3756240561933004,0
-2.8898514321651265,-1.4150837043531492,0
-1.2091375324731208,-2.1942611371793466,0
-0.6811247383591323,-1.6537678402923692,0
1.7015838461479549,0.9341557651868573,1
-1.6266853862169275,-1.173050505648399,0
-2.696006578552682,-1.704647624362501,0
-1.879986977017757,-1.6291725426146675,0
-1.6494068855859738,-2.336877508052651,0
0.7641118320473785,2.382996104933557,1
-2.257933763210806,-2.3072434837347324,0
-2.2792749572665856,-1.808764235495644,0
-2.22538901525249,-0.35491558144136515,0
3.197596198129019,2.1351501342850177,1
-2.704151251633264,-2.0152004172378533,0
2.323254484118175,2.4099473174445434,1
3.66729827815272,2.304594762647911,1
-0.6978793974808748,-1.7295906427404193,0
-3.629760980544636,-3.5540713451811645,0
1.5491023534524981,1.8364921485074883,1
-2.328173455417333,-2.3629336997783996,0
-2.872270665963852,-0.6398494826835792,0
-2.0239487014682,-2.567149370912461,0
-0.7686343922759498,-2.9189633837095568,0
2.613690477155857,0.6453210335423165,1
1.7735577056628358,0.9658100779003942,1
-2.081367291008919,-3.439439303641109,0
-0.21578068175865672,-2.4390086633219084,0
-0.6743002895656593,-0.8658607896005117,0
1.6329800195663566,2.5782581467202017,1
2.601815887219266,2.524812145134828,1
-1.719563217068714,-3.0498267289899452,0
-2.834719685522949,-1.5848245028733234,0
-2.357359362781696,-1.8364980840630696,0
-2.6221106859007572,-1.3725814663143323,0
-0.6954961662887709,-1.861747132717073,0
0.7756634119157737,1.3642378785928742,1
1.2007123896949898,2.836812096679754,1
-0.3682621874347003,-0.7225824815826782,0
-2.668839584041908,-1.913924049465188,0
2.2733801770587743,0.7349055958472777,1
-1.8310130710719683,-0.3618761302851534,0
0.7531246457463172,1.3203849788681516,1
-4.233155230337466,-0.39555073928961515,0
2.482383214050963,0.9206598344289783,1
-0.9528541325747992,-1.4135419515660432,0
-2.6138478610653877,-1.460343434435197,0
-2.4746750033939353,-1.5917539226037953,0
-2.6059608267225274,-2.2901167350139398,0
2.377708732720933,1.4906119806475013,1
-1.6181580828864925,-2.1920556534022326,0
-1.2287818942260653,-1.6472351994556451,0
-2.400568292474821,-2.818689761189478,0
-3.169122883777685,-2.4130783269168177,0
-3.713973383261895,-2.6641350912181663,0
2.254899756256002,1.7812982892835048,1
0.05236222457342388,-2.3712919245185646,0
-3.1412443364164258,-0.5856320413511789,0
-2.11455659600579,-1.173612976840199,0
0.36707665653023636,2.3589602854185294,1
-1.2267685998167541,-1.4295607597573845,0
-1.25188177632714,-0.5499777479059675,0
3.5353350070348255,2.3823156448306677,1
2.9631948632663683,2.2086400524686503,1
2.4010198792326714,1.37087778344371,1
-2.019693564700623,-2.6201292953353277,0
-0.9442192704224597,-1.2688393480967068,0
1.788688845689305,1.391470267599019,1
2.1449352715830563,1.3667729876163333,1
-2.2262908413078755,-2.213061507454976,0
-3.04637707493095,-0.8220829546171451,0
2.6034904558592844,1.5369968533363547,1
-2.0282943399029687,-0.31151595711943214,0
-2.959414425868149,-1.3093237459647828,0
-2.488370594753934,-2.844937709124647,0
-1.9597463310822918,-1.479741428598123,0
-2.5497381600956794,-2.6761645131989757,0
-2.084275770006034,-1.4958434634520712,0
-0.6041505886268159,-2.6089655207160822,0
-3.4047405121862813,-1.4281683220113477,0
-1.3589539132340542,-1.6833355590910817,0
-1.6027959693133769,-1.9392181676618225,0
1.3507119915417278,1.5424160174564354,1
-0.6721582583121035,-1.4063646715381315,0
-2.149263194809173,-2.045459584708678,0
1.3657090122402877,2.7711495389671352,1
0.26805794447503817,3.5294636096329732,1
-1.317836750619771,-1.971711922356194,0
-1.067731647088634,-1.8426837640264764,0
-2.7141173388103073,-2.12895865563299,0
-1.7455885628646648,-2.712217241686599,0
1.8439832986887321,0.4206017898896386,1
3.040961513428999,1.9967175486277862,1
-2.493397140048933,-2.0106433770459975,0
-2.2904427606357536,-3.145653620919126,0
-2.5603188039370037,-2.1627155591716467,0
-2.7701300515039957,-3.0015659459258615,0
-2.3985708509048624,-2.2487879826422805,0
-0.45131308488408095,2.092296250629013,1
-2.4240958401600414,-2.325792019209545,0
-0.7064403209141599,-1.5978072944000765,0
-2.350560213870935,-1.8515715032267557,0
1.7319567538907457,2.3045377421104933,1
-1.931773614256683,-1.8293365844818763,0
0.3712780519944079,1.4712732191519415,1
0.9596209736592165,2.400925112798082,1
-3.661441617538843,-1.2419990661234592,0
2.3781522536481012,2.483557664410206,1
-2.055462957352386,-2.086713653738832,0
2.1279213946235243,1.8219100724417288,1
-3.152700819433472,-1.014197543337251,0
-1.7571281927449787,-2.6406296316534137,0
-1.4687363619781015,-3.0490595056075946,0
-1.3019368082146197,-1.7519179230946396,0
-2.1711902252492226,-1.0832581166925426,0
-1.6713016496007431,-1.8469088678888639,0
-1.227023309937327,-1.419266517983343,0
-2.2143104637008126,-1.5757156266094512,0
-2.7727641665859926,-1.7450459657756279,0
2.2086618217514165,2.207590165253137,1
-0.8592463780019595,-0.8333293305980058,0
-2.769010879224408,-3.1666595683145236,0
-0.46094765922326,-2.484785056430878,0
-1.7474920422067157,-3.6177609726592026,0
-1.2793152405884705,-2.5469822873394667,0
-0.8960960791432426,-2.125474088411815,0
-2.9609245242027598,-2.2392759734089154,0
2.7140707166643607,1.4143744923158503,1
-1.3718184642922493,-2.5318942135737705,0
1.716712893152248,2.1220651920971965,1
2.051773897750042,2.445599152137999,1
-2.260849044608109,-2.0247291340833087,0
1.284690425469285,2.7481532334342416,1
-2.4580814538485067,-3.3198002432117377,0
-2.2611995984625475,-3.074140631501949,0
-0.959020129816671,-2.2499136921531493,0
-1.1012702703824517,-1.7557863678047914,0
-1.884010138399115,-0.3855025181277092,0
